Kandidat, Spørgsmål, Svar
Christel Schaldemose, 1, 4
Christel Schaldemose, 2, 2
Christel Schaldemose, 3, 3
Christel Schaldemose, 4, 4
Christel Schaldemose, 5, 3
Christel Schaldemose, 6, 3
Christel Schaldemose, 7, 2
Christel Schaldemose, 8, 3
Christel Schaldemose, 9, 1
Christel Schaldemose, 10, 3
Christel Schaldemose, 11, 1
Christel Schaldemose, 12, 3
Christel Schaldemose, 13, 4
Christel Schaldemose, 14, 1
Christel Schaldemose, 15, 4
Christel Schaldemose, 16, 3
Christel Schaldemose, 17, 4
Christel Schaldemose, 18, 2
Christel Schaldemose, 19, 4
Christel Schaldemose, 20, 3
Christel Schaldemose, 21, 4
Christel Schaldemose, 22, 2
Christel Schaldemose, 23, 3
Christel Schaldemose, 24, 3
Christel Schaldemose, 25, 2
Niels Fuglsang, 1, 4
Niels Fuglsang, 2, 2
Niels Fuglsang, 3, 3
Niels Fuglsang, 4, 4
Niels Fuglsang, 5, 3
Niels Fuglsang, 6, 3
Niels Fuglsang, 7, 2
Niels Fuglsang, 8, 4
Niels Fuglsang, 9, 1
Niels Fuglsang, 10, 3
Niels Fuglsang, 11, 2
Niels Fuglsang, 12, 3
Niels Fuglsang, 13, 4
Niels Fuglsang, 14, 2
Niels Fuglsang, 15, 4
Niels Fuglsang, 16, 3
Niels Fuglsang, 17, 4
Niels Fuglsang, 18, 1
Niels Fuglsang, 19, 4
Niels Fuglsang, 20, 4
Niels Fuglsang, 21, 4
Niels Fuglsang, 22, 2
Niels Fuglsang, 23, 2
Niels Fuglsang, 24, 3
Niels Fuglsang, 25, 3
Marianne Vind, 1, 3
Marianne Vind, 2, 2
Marianne Vind, 3, 4
Marianne Vind, 4, 3
Marianne Vind, 5, 3
Marianne Vind, 6, 3
Marianne Vind, 7, 1
Marianne Vind, 8, 3
Marianne Vind, 9, 1
Marianne Vind, 10, 4
Marianne Vind, 11, 1
Marianne Vind, 12, 3
Marianne Vind, 13, 4
Marianne Vind, 14, 3
Marianne Vind, 15, 4
Marianne Vind, 16, 3
Marianne Vind, 17, 4
Marianne Vind, 18, 2
Marianne Vind, 19, 4
Marianne Vind, 20, 3
Marianne Vind, 21, 4
Marianne Vind, 22, 2
Marianne Vind, 23, 3
Marianne Vind, 24, 4
Marianne Vind, 25, 2
Magnus Barsøe, 1, 4
Magnus Barsøe, 2, 2
Magnus Barsøe, 3, 4
Magnus Barsøe, 4, 4
Magnus Barsøe, 5, 3
Magnus Barsøe, 6, 3
Magnus Barsøe, 7, 3
Magnus Barsøe, 8, 4
Magnus Barsøe, 9, 1
Magnus Barsøe, 10, 2
Magnus Barsøe, 11, 1
Magnus Barsøe, 12, 4
Magnus Barsøe, 13, 4
Magnus Barsøe, 14, 1
Magnus Barsøe, 15, 4
Magnus Barsøe, 16, 3
Magnus Barsøe, 17, 4
Magnus Barsøe, 18, 1
Magnus Barsøe, 19, 4
Magnus Barsøe, 20, 4
Magnus Barsøe, 21, 4
Magnus Barsøe, 22, 3
Magnus Barsøe, 23, 3
Magnus Barsøe, 24, 3
Magnus Barsøe, 25, 3
Asser Mortensen, 1, 4
Asser Mortensen, 2, 2
Asser Mortensen, 3, 3
Asser Mortensen, 4, 4
Asser Mortensen, 5, 3
Asser Mortensen, 6, 2
Asser Mortensen, 7, 2
Asser Mortensen, 8, 3
Asser Mortensen, 9, 1
Asser Mortensen, 10, 4
Asser Mortensen, 11, 2
Asser Mortensen, 12, 4
Asser Mortensen, 13, 3
Asser Mortensen, 14, 1
Asser Mortensen, 15, 4
Asser Mortensen, 16, 3
Asser Mortensen, 17, 3
Asser Mortensen, 18, 3
Asser Mortensen, 19, 3
Asser Mortensen, 20, 2
Asser Mortensen, 21, 4
Asser Mortensen, 22, 2
Asser Mortensen, 23, 3
Asser Mortensen, 24, 4
Asser Mortensen, 25, 3
Mathias Niebuhr, 1, 4
Mathias Niebuhr, 2, 2
Mathias Niebuhr, 3, 3
Mathias Niebuhr, 4, 4
Mathias Niebuhr, 5, 3
Mathias Niebuhr, 6, 3
Mathias Niebuhr, 7, 3
Mathias Niebuhr, 8, 4
Mathias Niebuhr, 9, 1
Mathias Niebuhr, 10, 2
Mathias Niebuhr, 11, 1
Mathias Niebuhr, 12, 3
Mathias Niebuhr, 13, 3
Mathias Niebuhr, 14, 1
Mathias Niebuhr, 15, 4
Mathias Niebuhr, 16, 3
Mathias Niebuhr, 17, 4
Mathias Niebuhr, 18, 1
Mathias Niebuhr, 19, 4
Mathias Niebuhr, 20, 3
Mathias Niebuhr, 21, 4
Mathias Niebuhr, 22, 2
Mathias Niebuhr, 23, 4
Mathias Niebuhr, 24, 3
Mathias Niebuhr, 25, 3
Niels Christian Dahl, 1, 4
Niels Christian Dahl, 2, 1
Niels Christian Dahl, 3, 4
Niels Christian Dahl, 4, 4
Niels Christian Dahl, 5, 4
Niels Christian Dahl, 6, 2
Niels Christian Dahl, 7, 3
Niels Christian Dahl, 8, 4
Niels Christian Dahl, 9, 1
Niels Christian Dahl, 10, 4
Niels Christian Dahl, 11, 4
Niels Christian Dahl, 12, 4
Niels Christian Dahl, 13, 3
Niels Christian Dahl, 14, 1
Niels Christian Dahl, 15, 2
Niels Christian Dahl, 16, 2
Niels Christian Dahl, 17, 4
Niels Christian Dahl, 18, 3
Niels Christian Dahl, 19, 4
Niels Christian Dahl, 20, 3
Niels Christian Dahl, 21, 4
Niels Christian Dahl, 22, 3
Niels Christian Dahl, 23, 1
Niels Christian Dahl, 24, 4
Niels Christian Dahl, 25, 3
Andi Helbo Sejersen, 1, 4
Andi Helbo Sejersen, 2, 1
Andi Helbo Sejersen, 3, 4
Andi Helbo Sejersen, 4, 4
Andi Helbo Sejersen, 5, 2
Andi Helbo Sejersen, 6, 2
Andi Helbo Sejersen, 7, 1
Andi Helbo Sejersen, 8, 4
Andi Helbo Sejersen, 9, 1
Andi Helbo Sejersen, 10, 3
Andi Helbo Sejersen, 11, 2
Andi Helbo Sejersen, 12, 4
Andi Helbo Sejersen, 13, 3
Andi Helbo Sejersen, 14, 2
Andi Helbo Sejersen, 15, 4
Andi Helbo Sejersen, 16, 4
Andi Helbo Sejersen, 17, 4
Andi Helbo Sejersen, 18, 2
Andi Helbo Sejersen, 19, 4
Andi Helbo Sejersen, 20, 4
Andi Helbo Sejersen, 21, 4
Andi Helbo Sejersen, 22, 4
Andi Helbo Sejersen, 23, 3
Andi Helbo Sejersen, 24, 2
Andi Helbo Sejersen, 25, 4
Tayo Lill Andreasen, 1, 4
Tayo Lill Andreasen, 2, 1
Tayo Lill Andreasen, 3, 3
Tayo Lill Andreasen, 4, 4
Tayo Lill Andreasen, 5, 4
Tayo Lill Andreasen, 6, 3
Tayo Lill Andreasen, 7, 3
Tayo Lill Andreasen, 8, 4
Tayo Lill Andreasen, 9, 1
Tayo Lill Andreasen, 10, 3
Tayo Lill Andreasen, 11, 4
Tayo Lill Andreasen, 12, 4
Tayo Lill Andreasen, 13, 3
Tayo Lill Andreasen, 14, 1
Tayo Lill Andreasen, 15, 1
Tayo Lill Andreasen, 16, 4
Tayo Lill Andreasen, 17, 2
Tayo Lill Andreasen, 18, 2
Tayo Lill Andreasen, 19, 4
Tayo Lill Andreasen, 20, 4
Tayo Lill Andreasen, 21, 4
Tayo Lill Andreasen, 22, 4
Tayo Lill Andreasen, 23, 2
Tayo Lill Andreasen, 24, 4
Tayo Lill Andreasen, 25, 4
Maria Radoor, 1, 4
Maria Radoor, 2, 2
Maria Radoor, 3, 4
Maria Radoor, 4, 4
Maria Radoor, 5, 3
Maria Radoor, 6, 2
Maria Radoor, 7, 2
Maria Radoor, 8, 3
Maria Radoor, 9, 1
Maria Radoor, 10, 3
Maria Radoor, 11, 1
Maria Radoor, 12, 3
Maria Radoor, 13, 3
Maria Radoor, 14, 1
Maria Radoor, 15, 3
Maria Radoor, 16, 3
Maria Radoor, 17, 4
Maria Radoor, 18, 2
Maria Radoor, 19, 4
Maria Radoor, 20, 3
Maria Radoor, 21, 3
Maria Radoor, 22, 2
Maria Radoor, 23, 3
Maria Radoor, 24, 3
Maria Radoor, 25, 2
Sigrid Friis, 1, 4
Sigrid Friis, 2, 1
Sigrid Friis, 3, 3
Sigrid Friis, 4, 4
Sigrid Friis, 5, 4
Sigrid Friis, 6, 4
Sigrid Friis, 7, 3
Sigrid Friis, 8, 3
Sigrid Friis, 9, 1
Sigrid Friis, 10, 2
Sigrid Friis, 11, 3
Sigrid Friis, 12, 3
Sigrid Friis, 13, 2
Sigrid Friis, 14, 1
Sigrid Friis, 15, 3
Sigrid Friis, 16, 3
Sigrid Friis, 17, 4
Sigrid Friis, 18, 2
Sigrid Friis, 19, 3
Sigrid Friis, 20, 4
Sigrid Friis, 21, 4
Sigrid Friis, 22, 3
Sigrid Friis, 23, 3
Sigrid Friis, 24, 2
Sigrid Friis, 25, 4
Anne Sophie Callesen, 1, 4
Anne Sophie Callesen, 2, 1
Anne Sophie Callesen, 3, 3
Anne Sophie Callesen, 4, 4
Anne Sophie Callesen, 5, 4
Anne Sophie Callesen, 6, 4
Anne Sophie Callesen, 7, 2
Anne Sophie Callesen, 8, 4
Anne Sophie Callesen, 9, 1
Anne Sophie Callesen, 10, 2
Anne Sophie Callesen, 11, 3
Anne Sophie Callesen, 12, 3
Anne Sophie Callesen, 13, 1
Anne Sophie Callesen, 14, 1
Anne Sophie Callesen, 15, 3
Anne Sophie Callesen, 16, 4
Anne Sophie Callesen, 17, 4
Anne Sophie Callesen, 18, 2
Anne Sophie Callesen, 19, 2
Anne Sophie Callesen, 20, 4
Anne Sophie Callesen, 21, 4
Anne Sophie Callesen, 22, 3
Anne Sophie Callesen, 23, 3
Anne Sophie Callesen, 24, 2
Anne Sophie Callesen, 25, 4
Philip Tarning-Andersen, 1, 4
Philip Tarning-Andersen, 2, 1
Philip Tarning-Andersen, 3, 3
Philip Tarning-Andersen, 4, 4
Philip Tarning-Andersen, 5, 4
Philip Tarning-Andersen, 6, 3
Philip Tarning-Andersen, 7, 3
Philip Tarning-Andersen, 8, 4
Philip Tarning-Andersen, 9, 1
Philip Tarning-Andersen, 10, 1
Philip Tarning-Andersen, 11, 3
Philip Tarning-Andersen, 12, 3
Philip Tarning-Andersen, 13, 1
Philip Tarning-Andersen, 14, 1
Philip Tarning-Andersen, 15, 3
Philip Tarning-Andersen, 16, 3
Philip Tarning-Andersen, 17, 4
Philip Tarning-Andersen, 18, 1
Philip Tarning-Andersen, 19, 2
Philip Tarning-Andersen, 20, 4
Philip Tarning-Andersen, 21, 4
Philip Tarning-Andersen, 22, 3
Philip Tarning-Andersen, 23, 2
Philip Tarning-Andersen, 24, 2
Philip Tarning-Andersen, 25, 4
Anne-Sofie Sadolin Henningsen, 1, 4
Anne-Sofie Sadolin Henningsen, 2, 1
Anne-Sofie Sadolin Henningsen, 3, 3
Anne-Sofie Sadolin Henningsen, 4, 4
Anne-Sofie Sadolin Henningsen, 5, 4
Anne-Sofie Sadolin Henningsen, 6, 3
Anne-Sofie Sadolin Henningsen, 7, 3
Anne-Sofie Sadolin Henningsen, 8, 4
Anne-Sofie Sadolin Henningsen, 9, 1
Anne-Sofie Sadolin Henningsen, 10, 2
Anne-Sofie Sadolin Henningsen, 11, 3
Anne-Sofie Sadolin Henningsen, 12, 3
Anne-Sofie Sadolin Henningsen, 13, 3
Anne-Sofie Sadolin Henningsen, 14, 1
Anne-Sofie Sadolin Henningsen, 15, 3
Anne-Sofie Sadolin Henningsen, 16, 4
Anne-Sofie Sadolin Henningsen, 17, 4
Anne-Sofie Sadolin Henningsen, 18, 1
Anne-Sofie Sadolin Henningsen, 19, 3
Anne-Sofie Sadolin Henningsen, 20, 3
Anne-Sofie Sadolin Henningsen, 21, 3
Anne-Sofie Sadolin Henningsen, 22, 3
Anne-Sofie Sadolin Henningsen, 23, 2
Anne-Sofie Sadolin Henningsen, 24, 3
Anne-Sofie Sadolin Henningsen, 25, 3
Charlotte Amdi Burgess, 1, 4
Charlotte Amdi Burgess, 2, 1
Charlotte Amdi Burgess, 3, 3
Charlotte Amdi Burgess, 4, 4
Charlotte Amdi Burgess, 5, 4
Charlotte Amdi Burgess, 6, 4
Charlotte Amdi Burgess, 7, 2
Charlotte Amdi Burgess, 8, 4
Charlotte Amdi Burgess, 9, 1
Charlotte Amdi Burgess, 10, 1
Charlotte Amdi Burgess, 11, 4
Charlotte Amdi Burgess, 12, 2
Charlotte Amdi Burgess, 13, 3
Charlotte Amdi Burgess, 14, 1
Charlotte Amdi Burgess, 15, 3
Charlotte Amdi Burgess, 16, 4
Charlotte Amdi Burgess, 17, 4
Charlotte Amdi Burgess, 18, 2
Charlotte Amdi Burgess, 19, 4
Charlotte Amdi Burgess, 20, 3
Charlotte Amdi Burgess, 21, 4
Charlotte Amdi Burgess, 22, 4
Charlotte Amdi Burgess, 23, 2
Charlotte Amdi Burgess, 24, 2
Charlotte Amdi Burgess, 25, 4
Kathrine Olldag, 1, 4
Kathrine Olldag, 2, 1
Kathrine Olldag, 3, 3
Kathrine Olldag, 4, 4
Kathrine Olldag, 5, 4
Kathrine Olldag, 6, 3
Kathrine Olldag, 7, 2
Kathrine Olldag, 8, 3
Kathrine Olldag, 9, 1
Kathrine Olldag, 10, 2
Kathrine Olldag, 11, 3
Kathrine Olldag, 12, 3
Kathrine Olldag, 13, 2
Kathrine Olldag, 14, 1
Kathrine Olldag, 15, 3
Kathrine Olldag, 16, 3
Kathrine Olldag, 17, 4
Kathrine Olldag, 18, 2
Kathrine Olldag, 19, 3
Kathrine Olldag, 20, 4
Kathrine Olldag, 21, 4
Kathrine Olldag, 22, 3
Kathrine Olldag, 23, 3
Kathrine Olldag, 24, 2
Kathrine Olldag, 25, 4
Frederik Aagaard Sørensen, 1, 4
Frederik Aagaard Sørensen, 2, 1
Frederik Aagaard Sørensen, 3, 3
Frederik Aagaard Sørensen, 4, 3
Frederik Aagaard Sørensen, 5, 3
Frederik Aagaard Sørensen, 6, 3
Frederik Aagaard Sørensen, 7, 2
Frederik Aagaard Sørensen, 8, 4
Frederik Aagaard Sørensen, 9, 1
Frederik Aagaard Sørensen, 10, 3
Frederik Aagaard Sørensen, 11, 4
Frederik Aagaard Sørensen, 12, 4
Frederik Aagaard Sørensen, 13, 3
Frederik Aagaard Sørensen, 14, 2
Frederik Aagaard Sørensen, 15, 3
Frederik Aagaard Sørensen, 16, 3
Frederik Aagaard Sørensen, 17, 4
Frederik Aagaard Sørensen, 18, 2
Frederik Aagaard Sørensen, 19, 3
Frederik Aagaard Sørensen, 20, 3
Frederik Aagaard Sørensen, 21, 3
Frederik Aagaard Sørensen, 22, 3
Frederik Aagaard Sørensen, 23, 2
Frederik Aagaard Sørensen, 24, 3
Frederik Aagaard Sørensen, 25, 3
Hediye Temiz, 1, 4
Hediye Temiz, 2, 1
Hediye Temiz, 3, 2
Hediye Temiz, 4, 3
Hediye Temiz, 5, 3
Hediye Temiz, 6, 3
Hediye Temiz, 7, 3
Hediye Temiz, 8, 3
Hediye Temiz, 9, 2
Hediye Temiz, 10, 2
Hediye Temiz, 11, 3
Hediye Temiz, 12, 3
Hediye Temiz, 13, 2
Hediye Temiz, 14, 2
Hediye Temiz, 15, 2
Hediye Temiz, 16, 3
Hediye Temiz, 17, 3
Hediye Temiz, 18, 2
Hediye Temiz, 19, 1
Hediye Temiz, 20, 2
Hediye Temiz, 21, 3
Hediye Temiz, 22, 3
Hediye Temiz, 23, 2
Hediye Temiz, 24, 2
Hediye Temiz, 25, 4
Jens Frost, 1, 4
Jens Frost, 2, 1
Jens Frost, 3, 3
Jens Frost, 4, 4
Jens Frost, 5, 4
Jens Frost, 6, 3
Jens Frost, 7, 2
Jens Frost, 8, 4
Jens Frost, 9, 1
Jens Frost, 10, 2
Jens Frost, 11, 3
Jens Frost, 12, 3
Jens Frost, 13, 2
Jens Frost, 14, 2
Jens Frost, 15, 3
Jens Frost, 16, 3
Jens Frost, 17, 4
Jens Frost, 18, 2
Jens Frost, 19, 3
Jens Frost, 20, 3
Jens Frost, 21, 4
Jens Frost, 22, 3
Jens Frost, 23, 3
Jens Frost, 24, 2
Jens Frost, 25, 4
João A. B. R. Møller, 1, 4
João A. B. R. Møller, 2, 1
João A. B. R. Møller, 3, 4
João A. B. R. Møller, 4, 4
João A. B. R. Møller, 5, 4
João A. B. R. Møller, 6, 3
João A. B. R. Møller, 7, 2
João A. B. R. Møller, 8, 4
João A. B. R. Møller, 9, 1
João A. B. R. Møller, 10, 4
João A. B. R. Møller, 11, 1
João A. B. R. Møller, 12, 1
João A. B. R. Møller, 13, 1
João A. B. R. Møller, 14, 1
João A. B. R. Møller, 15, 2
João A. B. R. Møller, 16, 4
João A. B. R. Møller, 17, 4
João A. B. R. Møller, 18, 2
João A. B. R. Møller, 19, 1
João A. B. R. Møller, 20, 4
João A. B. R. Møller, 21, 4
João A. B. R. Møller, 22, 3
João A. B. R. Møller, 23, 2
João A. B. R. Møller, 24, 1
João A. B. R. Møller, 25, 4
Jan Werner Mathiasen, 1, 4
Jan Werner Mathiasen, 2, 1
Jan Werner Mathiasen, 3, 2
Jan Werner Mathiasen, 4, 4
Jan Werner Mathiasen, 5, 2
Jan Werner Mathiasen, 6, 4
Jan Werner Mathiasen, 7, 3
Jan Werner Mathiasen, 8, 4
Jan Werner Mathiasen, 9, 1
Jan Werner Mathiasen, 10, 1
Jan Werner Mathiasen, 11, 4
Jan Werner Mathiasen, 12, 3
Jan Werner Mathiasen, 13, 2
Jan Werner Mathiasen, 14, 2
Jan Werner Mathiasen, 15, 2
Jan Werner Mathiasen, 16, 4
Jan Werner Mathiasen, 17, 4
Jan Werner Mathiasen, 18, 2
Jan Werner Mathiasen, 19, 3
Jan Werner Mathiasen, 20, 3
Jan Werner Mathiasen, 21, 3
Jan Werner Mathiasen, 22, 3
Jan Werner Mathiasen, 23, 3
Jan Werner Mathiasen, 24, 3
Jan Werner Mathiasen, 25, 4
Kim Pagels, 1, 4
Kim Pagels, 2, 1
Kim Pagels, 3, 3
Kim Pagels, 4, 3
Kim Pagels, 5, 3
Kim Pagels, 6, 3
Kim Pagels, 7, 2
Kim Pagels, 8, 4
Kim Pagels, 9, 2
Kim Pagels, 10, 2
Kim Pagels, 11, 3
Kim Pagels, 12, 3
Kim Pagels, 13, 3
Kim Pagels, 14, 1
Kim Pagels, 15, 2
Kim Pagels, 16, 3
Kim Pagels, 17, 3
Kim Pagels, 18, 2
Kim Pagels, 19, 3
Kim Pagels, 20, 3
Kim Pagels, 21, 3
Kim Pagels, 22, 3
Kim Pagels, 23, 2
Kim Pagels, 24, 2
Kim Pagels, 25, 3
Finn Hartvig Nielsen, 1, 4
Finn Hartvig Nielsen, 2, 1
Finn Hartvig Nielsen, 3, 3
Finn Hartvig Nielsen, 4, 3
Finn Hartvig Nielsen, 5, 3
Finn Hartvig Nielsen, 6, 3
Finn Hartvig Nielsen, 7, 1
Finn Hartvig Nielsen, 8, 4
Finn Hartvig Nielsen, 9, 1
Finn Hartvig Nielsen, 10, 1
Finn Hartvig Nielsen, 11, 3
Finn Hartvig Nielsen, 12, 3
Finn Hartvig Nielsen, 13, 1
Finn Hartvig Nielsen, 14, 2
Finn Hartvig Nielsen, 15, 2
Finn Hartvig Nielsen, 16, 4
Finn Hartvig Nielsen, 17, 4
Finn Hartvig Nielsen, 18, 1
Finn Hartvig Nielsen, 19, 3
Finn Hartvig Nielsen, 20, 4
Finn Hartvig Nielsen, 21, 4
Finn Hartvig Nielsen, 22, 3
Finn Hartvig Nielsen, 23, 4
Finn Hartvig Nielsen, 24, 2
Finn Hartvig Nielsen, 25, 4
Sissel Van Run-Kvist, 1, 4
Sissel Van Run-Kvist, 2, 1
Sissel Van Run-Kvist, 3, 3
Sissel Van Run-Kvist, 4, 4
Sissel Van Run-Kvist, 5, 4
Sissel Van Run-Kvist, 6, 3
Sissel Van Run-Kvist, 7, 2
Sissel Van Run-Kvist, 8, 3
Sissel Van Run-Kvist, 9, 2
Sissel Van Run-Kvist, 10, 2
Sissel Van Run-Kvist, 11, 3
Sissel Van Run-Kvist, 12, 3
Sissel Van Run-Kvist, 13, 3
Sissel Van Run-Kvist, 14, 1
Sissel Van Run-Kvist, 15, 2
Sissel Van Run-Kvist, 16, 3
Sissel Van Run-Kvist, 17, 3
Sissel Van Run-Kvist, 18, 2
Sissel Van Run-Kvist, 19, 3
Sissel Van Run-Kvist, 20, 4
Sissel Van Run-Kvist, 21, 4
Sissel Van Run-Kvist, 22, 3
Sissel Van Run-Kvist, 23, 3
Sissel Van Run-Kvist, 24, 2
Sissel Van Run-Kvist, 25, 4
Martin Schepelern, 1, 4
Martin Schepelern, 2, 1
Martin Schepelern, 3, 4
Martin Schepelern, 4, 4
Martin Schepelern, 5, 3
Martin Schepelern, 6, 2
Martin Schepelern, 7, 3
Martin Schepelern, 8, 3
Martin Schepelern, 9, 2
Martin Schepelern, 10, 3
Martin Schepelern, 11, 3
Martin Schepelern, 12, 4
Martin Schepelern, 13, 4
Martin Schepelern, 14, 1
Martin Schepelern, 15, 4
Martin Schepelern, 16, 2
Martin Schepelern, 17, 3
Martin Schepelern, 18, 2
Martin Schepelern, 19, 3
Martin Schepelern, 20, 3
Martin Schepelern, 21, 4
Martin Schepelern, 22, 3
Martin Schepelern, 23, 2
Martin Schepelern, 24, 4
Martin Schepelern, 25, 3
Michael Flarup, 1, 4
Michael Flarup, 2, 1
Michael Flarup, 3, 2
Michael Flarup, 4, 3
Michael Flarup, 5, 3
Michael Flarup, 6, 2
Michael Flarup, 7, 2
Michael Flarup, 8, 3
Michael Flarup, 9, 1
Michael Flarup, 10, 2
Michael Flarup, 11, 3
Michael Flarup, 12, 3
Michael Flarup, 13, 2
Michael Flarup, 14, 3
Michael Flarup, 15, 2
Michael Flarup, 16, 3
Michael Flarup, 17, 3
Michael Flarup, 18, 3
Michael Flarup, 19, 2
Michael Flarup, 20, 4
Michael Flarup, 21, 3
Michael Flarup, 22, 3
Michael Flarup, 23, 3
Michael Flarup, 24, 3
Michael Flarup, 25, 3
Asmus Vilster, 1, 4
Asmus Vilster, 2, 1
Asmus Vilster, 3, 3
Asmus Vilster, 4, 4
Asmus Vilster, 5, 4
Asmus Vilster, 6, 3
Asmus Vilster, 7, 2
Asmus Vilster, 8, 4
Asmus Vilster, 9, 1
Asmus Vilster, 10, 2
Asmus Vilster, 11, 3
Asmus Vilster, 12, 3
Asmus Vilster, 13, 3
Asmus Vilster, 14, 1
Asmus Vilster, 15, 3
Asmus Vilster, 16, 3
Asmus Vilster, 17, 4
Asmus Vilster, 18, 2
Asmus Vilster, 19, 3
Asmus Vilster, 20, 3
Asmus Vilster, 21, 4
Asmus Vilster, 22, 3
Asmus Vilster, 23, 3
Asmus Vilster, 24, 2
Asmus Vilster, 25, 3
Nikolai Tange, 1, 4
Nikolai Tange, 2, 2
Nikolai Tange, 3, 3
Nikolai Tange, 4, 3
Nikolai Tange, 5, 3
Nikolai Tange, 6, 3
Nikolai Tange, 7, 4
Nikolai Tange, 8, 3
Nikolai Tange, 9, 2
Nikolai Tange, 10, 2
Nikolai Tange, 11, 3
Nikolai Tange, 12, 3
Nikolai Tange, 13, 3
Nikolai Tange, 14, 2
Nikolai Tange, 15, 3
Nikolai Tange, 16, 3
Nikolai Tange, 17, 3
Nikolai Tange, 18, 2
Nikolai Tange, 19, 2
Nikolai Tange, 20, 1
Nikolai Tange, 21, 4
Nikolai Tange, 22, 3
Nikolai Tange, 23, 2
Nikolai Tange, 24, 2
Nikolai Tange, 25, 3
Lars Fogh Mortensen, 1, 4
Lars Fogh Mortensen, 2, 1
Lars Fogh Mortensen, 3, 3
Lars Fogh Mortensen, 4, 3
Lars Fogh Mortensen, 5, 3
Lars Fogh Mortensen, 6, 2
Lars Fogh Mortensen, 7, 2
Lars Fogh Mortensen, 8, 4
Lars Fogh Mortensen, 9, 1
Lars Fogh Mortensen, 10, 3
Lars Fogh Mortensen, 11, 3
Lars Fogh Mortensen, 12, 3
Lars Fogh Mortensen, 13, 2
Lars Fogh Mortensen, 14, 2
Lars Fogh Mortensen, 15, 2
Lars Fogh Mortensen, 16, 2
Lars Fogh Mortensen, 17, 4
Lars Fogh Mortensen, 18, 2
Lars Fogh Mortensen, 19, 2
Lars Fogh Mortensen, 20, 4
Lars Fogh Mortensen, 21, 4
Lars Fogh Mortensen, 22, 3
Lars Fogh Mortensen, 23, 3
Lars Fogh Mortensen, 24, 2
Lars Fogh Mortensen, 25, 3
Lartey Lawson, 1, 4
Lartey Lawson, 2, 1
Lartey Lawson, 3, 3
Lartey Lawson, 4, 3
Lartey Lawson, 5, 4
Lartey Lawson, 6, 2
Lartey Lawson, 7, 3
Lartey Lawson, 8, 4
Lartey Lawson, 9, 1
Lartey Lawson, 10, 3
Lartey Lawson, 11, 3
Lartey Lawson, 12, 3
Lartey Lawson, 13, 1
Lartey Lawson, 14, 1
Lartey Lawson, 15, 2
Lartey Lawson, 16, 4
Lartey Lawson, 17, 3
Lartey Lawson, 18, 3
Lartey Lawson, 19, 1
Lartey Lawson, 20, 4
Lartey Lawson, 21, 4
Lartey Lawson, 22, 4
Lartey Lawson, 23, 3
Lartey Lawson, 24, 2
Lartey Lawson, 25, 4
Niels Flemming Hansen, 1, 3
Niels Flemming Hansen, 2, 2
Niels Flemming Hansen, 3, 2
Niels Flemming Hansen, 4, 4
Niels Flemming Hansen, 5, 2
Niels Flemming Hansen, 6, 2
Niels Flemming Hansen, 7, 3
Niels Flemming Hansen, 8, 3
Niels Flemming Hansen, 9, 2
Niels Flemming Hansen, 10, 3
Niels Flemming Hansen, 11, 3
Niels Flemming Hansen, 12, 3
Niels Flemming Hansen, 13, 4
Niels Flemming Hansen, 14, 2
Niels Flemming Hansen, 15, 4
Niels Flemming Hansen, 16, 2
Niels Flemming Hansen, 17, 3
Niels Flemming Hansen, 18, 2
Niels Flemming Hansen, 19, 4
Niels Flemming Hansen, 20, 1
Niels Flemming Hansen, 21, 3
Niels Flemming Hansen, 22, 2
Niels Flemming Hansen, 23, 1
Niels Flemming Hansen, 24, 3
Niels Flemming Hansen, 25, 2
Marcus Knuth, 1, 3
Marcus Knuth, 2, 2
Marcus Knuth, 3, 3
Marcus Knuth, 4, 3
Marcus Knuth, 5, 2
Marcus Knuth, 6, 2
Marcus Knuth, 7, 3
Marcus Knuth, 8, 3
Marcus Knuth, 9, 2
Marcus Knuth, 10, 3
Marcus Knuth, 11, 2
Marcus Knuth, 12, 4
Marcus Knuth, 13, 3
Marcus Knuth, 14, 2
Marcus Knuth, 15, 4
Marcus Knuth, 16, 3
Marcus Knuth, 17, 2
Marcus Knuth, 18, 3
Marcus Knuth, 19, 4
Marcus Knuth, 20, 1
Marcus Knuth, 21, 4
Marcus Knuth, 22, 2
Marcus Knuth, 23, 1
Marcus Knuth, 24, 2
Marcus Knuth, 25, 2
Birgitte Bergman, 1, 4
Birgitte Bergman, 2, 2
Birgitte Bergman, 3, 2
Birgitte Bergman, 4, 4
Birgitte Bergman, 5, 3
Birgitte Bergman, 6, 2
Birgitte Bergman, 7, 3
Birgitte Bergman, 8, 3
Birgitte Bergman, 9, 1
Birgitte Bergman, 10, 4
Birgitte Bergman, 11, 3
Birgitte Bergman, 12, 4
Birgitte Bergman, 13, 4
Birgitte Bergman, 14, 2
Birgitte Bergman, 15, 4
Birgitte Bergman, 16, 3
Birgitte Bergman, 17, 4
Birgitte Bergman, 18, 2
Birgitte Bergman, 19, 4
Birgitte Bergman, 20, 1
Birgitte Bergman, 21, 3
Birgitte Bergman, 22, 3
Birgitte Bergman, 23, 1
Birgitte Bergman, 24, 2
Birgitte Bergman, 25, 1
Maria Pryds, 1, 3
Maria Pryds, 2, 2
Maria Pryds, 3, 2
Maria Pryds, 4, 3
Maria Pryds, 5, 1
Maria Pryds, 6, 2
Maria Pryds, 7, 4
Maria Pryds, 8, 3
Maria Pryds, 9, 2
Maria Pryds, 10, 3
Maria Pryds, 11, 2
Maria Pryds, 12, 4
Maria Pryds, 13, 3
Maria Pryds, 14, 2
Maria Pryds, 15, 4
Maria Pryds, 16, 3
Maria Pryds, 17, 3
Maria Pryds, 18, 3
Maria Pryds, 19, 4
Maria Pryds, 20, 1
Maria Pryds, 21, 3
Maria Pryds, 22, 3
Maria Pryds, 23, 1
Maria Pryds, 24, 2
Maria Pryds, 25, 2
Steen Holm Iversen, 1, 4
Steen Holm Iversen, 2, 2
Steen Holm Iversen, 3, 3
Steen Holm Iversen, 4, 3
Steen Holm Iversen, 5, 3
Steen Holm Iversen, 6, 3
Steen Holm Iversen, 7, 4
Steen Holm Iversen, 8, 3
Steen Holm Iversen, 9, 1
Steen Holm Iversen, 10, 4
Steen Holm Iversen, 11, 3
Steen Holm Iversen, 12, 4
Steen Holm Iversen, 13, 3
Steen Holm Iversen, 14, 1
Steen Holm Iversen, 15, 4
Steen Holm Iversen, 16, 2
Steen Holm Iversen, 17, 3
Steen Holm Iversen, 18, 4
Steen Holm Iversen, 19, 3
Steen Holm Iversen, 20, 1
Steen Holm Iversen, 21, 4
Steen Holm Iversen, 22, 3
Steen Holm Iversen, 23, 1
Steen Holm Iversen, 24, 3
Steen Holm Iversen, 25, 2
Tina-Mia Eriksen, 1, 3
Tina-Mia Eriksen, 2, 2
Tina-Mia Eriksen, 3, 3
Tina-Mia Eriksen, 4, 2
Tina-Mia Eriksen, 5, 2
Tina-Mia Eriksen, 6, 2
Tina-Mia Eriksen, 7, 3
Tina-Mia Eriksen, 8, 3
Tina-Mia Eriksen, 9, 2
Tina-Mia Eriksen, 10, 2
Tina-Mia Eriksen, 11, 2
Tina-Mia Eriksen, 12, 2
Tina-Mia Eriksen, 13, 3
Tina-Mia Eriksen, 14, 3
Tina-Mia Eriksen, 15, 4
Tina-Mia Eriksen, 16, 3
Tina-Mia Eriksen, 17, 3
Tina-Mia Eriksen, 18, 3
Tina-Mia Eriksen, 19, 3
Tina-Mia Eriksen, 20, 2
Tina-Mia Eriksen, 21, 3
Tina-Mia Eriksen, 22, 2
Tina-Mia Eriksen, 23, 2
Tina-Mia Eriksen, 24, 2
Tina-Mia Eriksen, 25, 2
Søren Friis Trebbien, 1, 4
Søren Friis Trebbien, 2, 1
Søren Friis Trebbien, 3, 3
Søren Friis Trebbien, 4, 3
Søren Friis Trebbien, 5, 4
Søren Friis Trebbien, 6, 2
Søren Friis Trebbien, 7, 3
Søren Friis Trebbien, 8, 3
Søren Friis Trebbien, 9, 2
Søren Friis Trebbien, 10, 3
Søren Friis Trebbien, 11, 3
Søren Friis Trebbien, 12, 4
Søren Friis Trebbien, 13, 3
Søren Friis Trebbien, 14, 2
Søren Friis Trebbien, 15, 2
Søren Friis Trebbien, 16, 3
Søren Friis Trebbien, 17, 3
Søren Friis Trebbien, 18, 3
Søren Friis Trebbien, 19, 3
Søren Friis Trebbien, 20, 2
Søren Friis Trebbien, 21, 3
Søren Friis Trebbien, 22, 4
Søren Friis Trebbien, 23, 3
Søren Friis Trebbien, 24, 3
Søren Friis Trebbien, 25, 2
Flemming Kent Vesterby Agerskov, 1, 4
Flemming Kent Vesterby Agerskov, 2, 1
Flemming Kent Vesterby Agerskov, 3, 4
Flemming Kent Vesterby Agerskov, 4, 4
Flemming Kent Vesterby Agerskov, 5, 3
Flemming Kent Vesterby Agerskov, 6, 2
Flemming Kent Vesterby Agerskov, 7, 3
Flemming Kent Vesterby Agerskov, 8, 2
Flemming Kent Vesterby Agerskov, 9, 2
Flemming Kent Vesterby Agerskov, 10, 3
Flemming Kent Vesterby Agerskov, 11, 3
Flemming Kent Vesterby Agerskov, 12, 4
Flemming Kent Vesterby Agerskov, 13, 4
Flemming Kent Vesterby Agerskov, 14, 1
Flemming Kent Vesterby Agerskov, 15, 3
Flemming Kent Vesterby Agerskov, 16, 2
Flemming Kent Vesterby Agerskov, 17, 3
Flemming Kent Vesterby Agerskov, 18, 3
Flemming Kent Vesterby Agerskov, 19, 3
Flemming Kent Vesterby Agerskov, 20, 2
Flemming Kent Vesterby Agerskov, 21, 3
Jacob Rosenberg, 1, 4
Jacob Rosenberg, 2, 2
Jacob Rosenberg, 3, 4
Jacob Rosenberg, 4, 4
Jacob Rosenberg, 5, 2
Jacob Rosenberg, 6, 2
Jacob Rosenberg, 7, 3
Jacob Rosenberg, 8, 3
Jacob Rosenberg, 9, 2
Jacob Rosenberg, 10, 3
Jacob Rosenberg, 11, 3
Jacob Rosenberg, 12, 4
Jacob Rosenberg, 13, 4
Jacob Rosenberg, 14, 3
Jacob Rosenberg, 15, 2
Jacob Rosenberg, 16, 2
Jacob Rosenberg, 17, 2
Jacob Rosenberg, 18, 2
Jacob Rosenberg, 19, 4
Jacob Rosenberg, 20, 1
Jacob Rosenberg, 21, 4
Jacob Rosenberg, 22, 4
Jacob Rosenberg, 23, 1
Jacob Rosenberg, 24, 3
Jacob Rosenberg, 25, 1
Natasja Bruun Knudsen, 1, 3
Natasja Bruun Knudsen, 2, 2
Natasja Bruun Knudsen, 3, 3
Natasja Bruun Knudsen, 4, 4
Natasja Bruun Knudsen, 5, 2
Natasja Bruun Knudsen, 6, 2
Natasja Bruun Knudsen, 7, 3
Natasja Bruun Knudsen, 8, 3
Natasja Bruun Knudsen, 9, 2
Natasja Bruun Knudsen, 10, 4
Natasja Bruun Knudsen, 11, 3
Natasja Bruun Knudsen, 12, 4
Natasja Bruun Knudsen, 13, 2
Natasja Bruun Knudsen, 14, 2
Natasja Bruun Knudsen, 15, 3
Natasja Bruun Knudsen, 16, 2
Natasja Bruun Knudsen, 17, 3
Natasja Bruun Knudsen, 18, 3
Natasja Bruun Knudsen, 19, 4
Natasja Bruun Knudsen, 20, 1
Natasja Bruun Knudsen, 21, 4
Natasja Bruun Knudsen, 22, 3
Natasja Bruun Knudsen, 23, 1
Natasja Bruun Knudsen, 24, 2
Natasja Bruun Knudsen, 25, 2
Egil Fabritius Hulgaard, 1, 4
Egil Fabritius Hulgaard, 2, 2
Egil Fabritius Hulgaard, 3, 2
Egil Fabritius Hulgaard, 4, 3
Egil Fabritius Hulgaard, 5, 3
Egil Fabritius Hulgaard, 6, 3
Egil Fabritius Hulgaard, 7, 3
Egil Fabritius Hulgaard, 8, 3
Egil Fabritius Hulgaard, 9, 2
Egil Fabritius Hulgaard, 10, 3
Egil Fabritius Hulgaard, 11, 3
Egil Fabritius Hulgaard, 12, 3
Egil Fabritius Hulgaard, 13, 3
Egil Fabritius Hulgaard, 14, 2
Egil Fabritius Hulgaard, 15, 3
Egil Fabritius Hulgaard, 16, 2
Egil Fabritius Hulgaard, 17, 2
Egil Fabritius Hulgaard, 18, 3
Egil Fabritius Hulgaard, 19, 3
Egil Fabritius Hulgaard, 20, 1
Egil Fabritius Hulgaard, 21, 3
Egil Fabritius Hulgaard, 22, 3
Egil Fabritius Hulgaard, 23, 1
Egil Fabritius Hulgaard, 24, 2
Egil Fabritius Hulgaard, 25, 3
Helle Laursen Petersen, 1, 4
Helle Laursen Petersen, 2, 1
Helle Laursen Petersen, 3, 2
Helle Laursen Petersen, 4, 3
Helle Laursen Petersen, 5, 3
Helle Laursen Petersen, 6, 2
Helle Laursen Petersen, 7, 3
Helle Laursen Petersen, 8, 3
Helle Laursen Petersen, 9, 3
Helle Laursen Petersen, 10, 3
Helle Laursen Petersen, 11, 2
Helle Laursen Petersen, 12, 3
Helle Laursen Petersen, 13, 3
Helle Laursen Petersen, 14, 2
Helle Laursen Petersen, 15, 2
Helle Laursen Petersen, 16, 3
Helle Laursen Petersen, 17, 2
Helle Laursen Petersen, 18, 3
Helle Laursen Petersen, 19, 3
Helle Laursen Petersen, 20, 1
Helle Laursen Petersen, 21, 3
Helle Laursen Petersen, 22, 2
Helle Laursen Petersen, 23, 2
Helle Laursen Petersen, 24, 2
Helle Laursen Petersen, 25, 3
Manuel Vigilius, 1, 3
Manuel Vigilius, 2, 2
Manuel Vigilius, 3, 2
Manuel Vigilius, 4, 3
Manuel Vigilius, 5, 2
Manuel Vigilius, 6, 2
Manuel Vigilius, 7, 4
Manuel Vigilius, 8, 2
Manuel Vigilius, 9, 2
Manuel Vigilius, 10, 4
Manuel Vigilius, 11, 2
Manuel Vigilius, 12, 3
Manuel Vigilius, 13, 4
Manuel Vigilius, 14, 2
Manuel Vigilius, 15, 4
Manuel Vigilius, 16, 2
Manuel Vigilius, 17, 3
Manuel Vigilius, 18, 2
Manuel Vigilius, 19, 4
Manuel Vigilius, 20, 1
Manuel Vigilius, 21, 2
Manuel Vigilius, 22, 1
Manuel Vigilius, 23, 1
Manuel Vigilius, 24, 2
Manuel Vigilius, 25, 2
Barbara Engelstoft, 1, 4
Barbara Engelstoft, 2, 1
Barbara Engelstoft, 3, 3
Barbara Engelstoft, 4, 4
Barbara Engelstoft, 5, 4
Barbara Engelstoft, 6, 3
Barbara Engelstoft, 7, 3
Barbara Engelstoft, 8, 3
Barbara Engelstoft, 9, 2
Barbara Engelstoft, 10, 2
Barbara Engelstoft, 11, 2
Barbara Engelstoft, 12, 4
Barbara Engelstoft, 13, 3
Barbara Engelstoft, 14, 1
Barbara Engelstoft, 15, 2
Barbara Engelstoft, 16, 2
Barbara Engelstoft, 17, 3
Barbara Engelstoft, 18, 3
Barbara Engelstoft, 19, 3
Barbara Engelstoft, 20, 2
Barbara Engelstoft, 21, 3
Barbara Engelstoft, 22, 2
Barbara Engelstoft, 23, 2
Barbara Engelstoft, 24, 3
Barbara Engelstoft, 25, 3
Nicklas Verne, 1, 4
Nicklas Verne, 2, 2
Nicklas Verne, 3, 3
Nicklas Verne, 4, 4
Nicklas Verne, 5, 2
Nicklas Verne, 6, 2
Nicklas Verne, 7, 4
Nicklas Verne, 8, 4
Nicklas Verne, 9, 2
Nicklas Verne, 10, 3
Nicklas Verne, 11, 2
Nicklas Verne, 12, 3
Nicklas Verne, 13, 2
Nicklas Verne, 14, 2
Nicklas Verne, 15, 2
Nicklas Verne, 16, 2
Nicklas Verne, 17, 3
Nicklas Verne, 18, 3
Nicklas Verne, 19, 3
Nicklas Verne, 20, 1
Nicklas Verne, 21, 3
Nicklas Verne, 22, 2
Nicklas Verne, 23, 2
Nicklas Verne, 24, 1
Nicklas Verne, 25, 2
Vladimir Stanic, 1, 3
Vladimir Stanic, 2, 2
Vladimir Stanic, 3, 3
Vladimir Stanic, 4, 3
Vladimir Stanic, 5, 2
Vladimir Stanic, 6, 2
Vladimir Stanic, 7, 3
Vladimir Stanic, 8, 3
Vladimir Stanic, 9, 2
Vladimir Stanic, 10, 3
Vladimir Stanic, 11, 3
Vladimir Stanic, 12, 3
Vladimir Stanic, 13, 3
Vladimir Stanic, 14, 2
Vladimir Stanic, 15, 3
Vladimir Stanic, 16, 3
Vladimir Stanic, 17, 3
Vladimir Stanic, 18, 2
Vladimir Stanic, 19, 3
Vladimir Stanic, 20, 1
Vladimir Stanic, 21, 2
Vladimir Stanic, 22, 3
Vladimir Stanic, 23, 2
Vladimir Stanic, 24, 2
Vladimir Stanic, 25, 3
Elisabeth Ildal, 1, 3
Elisabeth Ildal, 2, 2
Elisabeth Ildal, 3, 2
Elisabeth Ildal, 4, 4
Elisabeth Ildal, 5, 3
Elisabeth Ildal, 6, 2
Elisabeth Ildal, 7, 3
Elisabeth Ildal, 8, 2
Elisabeth Ildal, 9, 2
Elisabeth Ildal, 10, 3
Elisabeth Ildal, 11, 2
Elisabeth Ildal, 12, 3
Elisabeth Ildal, 13, 3
Elisabeth Ildal, 14, 1
Elisabeth Ildal, 15, 3
Elisabeth Ildal, 16, 3
Elisabeth Ildal, 17, 3
Elisabeth Ildal, 18, 3
Elisabeth Ildal, 19, 4
Elisabeth Ildal, 20, 1
Elisabeth Ildal, 21, 4
Elisabeth Ildal, 22, 3
Elisabeth Ildal, 23, 2
Elisabeth Ildal, 24, 3
Elisabeth Ildal, 25, 2
Martin Vendel Nielsen, 1, 4
Martin Vendel Nielsen, 2, 2
Martin Vendel Nielsen, 3, 2
Martin Vendel Nielsen, 4, 3
Martin Vendel Nielsen, 5, 3
Martin Vendel Nielsen, 6, 3
Martin Vendel Nielsen, 7, 4
Martin Vendel Nielsen, 8, 2
Martin Vendel Nielsen, 9, 1
Martin Vendel Nielsen, 10, 3
Martin Vendel Nielsen, 11, 3
Martin Vendel Nielsen, 12, 3
Martin Vendel Nielsen, 13, 3
Martin Vendel Nielsen, 14, 1
Martin Vendel Nielsen, 15, 4
Martin Vendel Nielsen, 16, 1
Martin Vendel Nielsen, 17, 3
Martin Vendel Nielsen, 18, 3
Martin Vendel Nielsen, 19, 4
Martin Vendel Nielsen, 20, 1
Martin Vendel Nielsen, 21, 4
Martin Vendel Nielsen, 22, 3
Martin Vendel Nielsen, 23, 1
Martin Vendel Nielsen, 24, 3
Martin Vendel Nielsen, 25, 1
John Hoppe, 1, 4
John Hoppe, 2, 2
John Hoppe, 3, 3
John Hoppe, 4, 4
John Hoppe, 5, 1
John Hoppe, 6, 3
John Hoppe, 7, 4
John Hoppe, 8, 3
John Hoppe, 9, 1
John Hoppe, 10, 4
John Hoppe, 11, 3
John Hoppe, 12, 4
John Hoppe, 13, 4
John Hoppe, 14, 2
John Hoppe, 15, 4
John Hoppe, 16, 2
John Hoppe, 17, 3
John Hoppe, 18, 3
John Hoppe, 19, 4
John Hoppe, 20, 1
John Hoppe, 21, 4
John Hoppe, 22, 4
John Hoppe, 23, 1
John Hoppe, 24, 3
John Hoppe, 25, 3
Jacob Stryhn, 1, 4
Jacob Stryhn, 2, 2
Jacob Stryhn, 3, 3
Jacob Stryhn, 4, 3
Jacob Stryhn, 5, 3
Jacob Stryhn, 6, 2
Jacob Stryhn, 7, 3
Jacob Stryhn, 8, 3
Jacob Stryhn, 9, 1
Jacob Stryhn, 10, 4
Jacob Stryhn, 11, 2
Jacob Stryhn, 12, 4
Jacob Stryhn, 13, 4
Jacob Stryhn, 14, 1
Jacob Stryhn, 15, 4
Jacob Stryhn, 16, 3
Jacob Stryhn, 17, 3
Jacob Stryhn, 18, 3
Jacob Stryhn, 19, 4
Jacob Stryhn, 20, 1
Jacob Stryhn, 21, 3
Jacob Stryhn, 22, 3
Jacob Stryhn, 23, 1
Jacob Stryhn, 24, 3
Jacob Stryhn, 25, 2
Kira Marie Peter-Hansen, 1, 4
Kira Marie Peter-Hansen, 2, 1
Kira Marie Peter-Hansen, 3, 3
Kira Marie Peter-Hansen, 4, 4
Kira Marie Peter-Hansen, 5, 4
Kira Marie Peter-Hansen, 6, 3
Kira Marie Peter-Hansen, 7, 2
Kira Marie Peter-Hansen, 8, 4
Kira Marie Peter-Hansen, 9, 1
Kira Marie Peter-Hansen, 10, 2
Kira Marie Peter-Hansen, 11, 3
Kira Marie Peter-Hansen, 12, 4
Kira Marie Peter-Hansen, 13, 3
Kira Marie Peter-Hansen, 14, 1
Kira Marie Peter-Hansen, 15, 3
Kira Marie Peter-Hansen, 16, 4
Kira Marie Peter-Hansen, 17, 4
Kira Marie Peter-Hansen, 18, 2
Kira Marie Peter-Hansen, 19, 3
Kira Marie Peter-Hansen, 20, 4
Kira Marie Peter-Hansen, 21, 4
Kira Marie Peter-Hansen, 22, 3
Kira Marie Peter-Hansen, 23, 3
Kira Marie Peter-Hansen, 24, 3
Kira Marie Peter-Hansen, 25, 4
Rasmus Nordqvist, 1, 4
Rasmus Nordqvist, 2, 1
Rasmus Nordqvist, 3, 3
Rasmus Nordqvist, 4, 4
Rasmus Nordqvist, 5, 4
Rasmus Nordqvist, 6, 3
Rasmus Nordqvist, 7, 1
Rasmus Nordqvist, 8, 4
Rasmus Nordqvist, 9, 1
Rasmus Nordqvist, 10, 1
Rasmus Nordqvist, 11, 3
Rasmus Nordqvist, 12, 4
Rasmus Nordqvist, 13, 3
Rasmus Nordqvist, 14, 1
Rasmus Nordqvist, 15, 3
Rasmus Nordqvist, 16, 4
Rasmus Nordqvist, 17, 4
Rasmus Nordqvist, 18, 1
Rasmus Nordqvist, 19, 3
Rasmus Nordqvist, 20, 4
Rasmus Nordqvist, 21, 4
Rasmus Nordqvist, 22, 4
Rasmus Nordqvist, 23, 4
Rasmus Nordqvist, 24, 3
Rasmus Nordqvist, 25, 4
Villy Søvndal, 1, 4
Villy Søvndal, 2, 1
Villy Søvndal, 3, 3
Villy Søvndal, 4, 4
Villy Søvndal, 5, 4
Villy Søvndal, 6, 4
Villy Søvndal, 7, 1
Villy Søvndal, 8, 4
Villy Søvndal, 9, 1
Villy Søvndal, 10, 1
Villy Søvndal, 11, 4
Villy Søvndal, 12, 4
Villy Søvndal, 13, 3
Villy Søvndal, 14, 1
Villy Søvndal, 15, 1
Villy Søvndal, 16, 4
Villy Søvndal, 17, 4
Villy Søvndal, 18, 2
Villy Søvndal, 19, 1
Villy Søvndal, 20, 4
Villy Søvndal, 21, 3
Villy Søvndal, 22, 4
Villy Søvndal, 23, 4
Villy Søvndal, 24, 2
Villy Søvndal, 25, 4
Rikke Lauritsen, 1, 4
Rikke Lauritsen, 2, 1
Rikke Lauritsen, 3, 3
Rikke Lauritsen, 4, 4
Rikke Lauritsen, 5, 4
Rikke Lauritsen, 6, 4
Rikke Lauritsen, 7, 1
Rikke Lauritsen, 8, 4
Rikke Lauritsen, 9, 1
Rikke Lauritsen, 10, 2
Rikke Lauritsen, 11, 4
Rikke Lauritsen, 12, 3
Rikke Lauritsen, 13, 3
Rikke Lauritsen, 14, 1
Rikke Lauritsen, 15, 3
Rikke Lauritsen, 16, 4
Rikke Lauritsen, 17, 4
Rikke Lauritsen, 18, 1
Rikke Lauritsen, 19, 2
Rikke Lauritsen, 20, 4
Rikke Lauritsen, 21, 4
Rikke Lauritsen, 22, 3
Rikke Lauritsen, 23, 4
Rikke Lauritsen, 24, 3
Rikke Lauritsen, 25, 4
Magnus Flensborg, 1, 4
Magnus Flensborg, 2, 1
Magnus Flensborg, 3, 3
Magnus Flensborg, 4, 4
Magnus Flensborg, 5, 4
Magnus Flensborg, 6, 3
Magnus Flensborg, 7, 2
Magnus Flensborg, 8, 4
Magnus Flensborg, 9, 1
Magnus Flensborg, 10, 1
Magnus Flensborg, 11, 3
Magnus Flensborg, 12, 3
Magnus Flensborg, 13, 2
Magnus Flensborg, 14, 2
Magnus Flensborg, 15, 3
Magnus Flensborg, 16, 4
Magnus Flensborg, 17, 4
Magnus Flensborg, 18, 2
Magnus Flensborg, 19, 2
Magnus Flensborg, 20, 4
Magnus Flensborg, 21, 4
Magnus Flensborg, 22, 4
Magnus Flensborg, 23, 3
Magnus Flensborg, 24, 2
Magnus Flensborg, 25, 4
Kristine Amalie Rostgård, 1, 4
Kristine Amalie Rostgård, 2, 1
Kristine Amalie Rostgård, 3, 3
Kristine Amalie Rostgård, 4, 4
Kristine Amalie Rostgård, 5, 4
Kristine Amalie Rostgård, 6, 3
Kristine Amalie Rostgård, 7, 2
Kristine Amalie Rostgård, 8, 4
Kristine Amalie Rostgård, 9, 1
Kristine Amalie Rostgård, 10, 2
Kristine Amalie Rostgård, 11, 3
Kristine Amalie Rostgård, 12, 3
Kristine Amalie Rostgård, 13, 2
Kristine Amalie Rostgård, 14, 2
Kristine Amalie Rostgård, 15, 3
Kristine Amalie Rostgård, 16, 4
Kristine Amalie Rostgård, 17, 4
Kristine Amalie Rostgård, 18, 2
Kristine Amalie Rostgård, 19, 3
Kristine Amalie Rostgård, 20, 3
Kristine Amalie Rostgård, 21, 4
Kristine Amalie Rostgård, 22, 3
Kristine Amalie Rostgård, 23, 3
Kristine Amalie Rostgård, 24, 3
Kristine Amalie Rostgård, 25, 4
Melina Andersen, 1, 3
Melina Andersen, 2, 1
Melina Andersen, 3, 3
Melina Andersen, 4, 4
Melina Andersen, 5, 4
Melina Andersen, 6, 4
Melina Andersen, 7, 2
Melina Andersen, 8, 4
Melina Andersen, 9, 1
Melina Andersen, 10, 2
Melina Andersen, 11, 3
Melina Andersen, 12, 4
Melina Andersen, 13, 3
Melina Andersen, 14, 2
Melina Andersen, 15, 4
Melina Andersen, 16, 4
Melina Andersen, 17, 4
Melina Andersen, 18, 2
Melina Andersen, 19, 3
Melina Andersen, 20, 4
Melina Andersen, 21, 4
Melina Andersen, 22, 4
Melina Andersen, 23, 3
Melina Andersen, 24, 3
Melina Andersen, 25, 4
Taner Genc, 1, 4
Taner Genc, 2, 2
Taner Genc, 3, 3
Taner Genc, 4, 4
Taner Genc, 5, 4
Taner Genc, 6, 3
Taner Genc, 7, 1
Taner Genc, 8, 4
Taner Genc, 9, 1
Taner Genc, 10, 2
Taner Genc, 11, 3
Taner Genc, 12, 4
Taner Genc, 13, 2
Taner Genc, 14, 2
Taner Genc, 15, 3
Taner Genc, 16, 4
Taner Genc, 17, 3
Taner Genc, 18, 2
Taner Genc, 19, 3
Taner Genc, 20, 4
Taner Genc, 21, 4
Taner Genc, 22, 4
Taner Genc, 23, 3
Taner Genc, 24, 3
Taner Genc, 25, 4
Andreas Grosbøll, 1, 4
Andreas Grosbøll, 2, 1
Andreas Grosbøll, 3, 4
Andreas Grosbøll, 4, 4
Andreas Grosbøll, 5, 3
Andreas Grosbøll, 6, 3
Andreas Grosbøll, 7, 1
Andreas Grosbøll, 8, 4
Andreas Grosbøll, 9, 1
Andreas Grosbøll, 10, 2
Andreas Grosbøll, 11, 3
Andreas Grosbøll, 12, 3
Andreas Grosbøll, 13, 3
Andreas Grosbøll, 14, 2
Andreas Grosbøll, 15, 2
Andreas Grosbøll, 16, 4
Andreas Grosbøll, 17, 4
Andreas Grosbøll, 18, 2
Andreas Grosbøll, 19, 2
Andreas Grosbøll, 20, 3
Andreas Grosbøll, 21, 4
Andreas Grosbøll, 22, 4
Andreas Grosbøll, 23, 4
Andreas Grosbøll, 24, 4
Andreas Grosbøll, 25, 4
Michael Egelund Andersen, 1, 4
Michael Egelund Andersen, 2, 1
Michael Egelund Andersen, 3, 3
Michael Egelund Andersen, 4, 4
Michael Egelund Andersen, 5, 4
Michael Egelund Andersen, 6, 3
Michael Egelund Andersen, 7, 2
Michael Egelund Andersen, 8, 4
Michael Egelund Andersen, 9, 1
Michael Egelund Andersen, 10, 2
Michael Egelund Andersen, 11, 3
Michael Egelund Andersen, 12, 4
Michael Egelund Andersen, 13, 3
Michael Egelund Andersen, 14, 1
Michael Egelund Andersen, 15, 3
Michael Egelund Andersen, 16, 4
Michael Egelund Andersen, 17, 4
Michael Egelund Andersen, 18, 2
Michael Egelund Andersen, 19, 3
Michael Egelund Andersen, 20, 4
Michael Egelund Andersen, 21, 4
Michael Egelund Andersen, 22, 4
Michael Egelund Andersen, 23, 2
Michael Egelund Andersen, 24, 2
Michael Egelund Andersen, 25, 4
Joan Kragh, 1, 4
Joan Kragh, 2, 1
Joan Kragh, 3, 4
Joan Kragh, 4, 4
Joan Kragh, 5, 4
Joan Kragh, 6, 4
Joan Kragh, 7, 2
Joan Kragh, 8, 4
Joan Kragh, 9, 1
Joan Kragh, 10, 2
Joan Kragh, 11, 4
Joan Kragh, 12, 4
Joan Kragh, 13, 3
Joan Kragh, 14, 1
Joan Kragh, 15, 2
Joan Kragh, 16, 4
Joan Kragh, 17, 4
Joan Kragh, 18, 2
Joan Kragh, 19, 3
Joan Kragh, 20, 4
Joan Kragh, 21, 4
Joan Kragh, 22, 4
Joan Kragh, 23, 3
Joan Kragh, 24, 3
Joan Kragh, 25, 4
Thue Grum-Schwensen, 1, 4
Thue Grum-Schwensen, 2, 2
Thue Grum-Schwensen, 3, 3
Thue Grum-Schwensen, 4, 4
Thue Grum-Schwensen, 5, 3
Thue Grum-Schwensen, 6, 3
Thue Grum-Schwensen, 7, 2
Thue Grum-Schwensen, 8, 4
Thue Grum-Schwensen, 9, 1
Thue Grum-Schwensen, 10, 2
Thue Grum-Schwensen, 11, 3
Thue Grum-Schwensen, 12, 3
Thue Grum-Schwensen, 13, 3
Thue Grum-Schwensen, 14, 2
Thue Grum-Schwensen, 15, 3
Thue Grum-Schwensen, 16, 4
Thue Grum-Schwensen, 17, 4
Thue Grum-Schwensen, 18, 2
Thue Grum-Schwensen, 19, 3
Thue Grum-Schwensen, 20, 4
Thue Grum-Schwensen, 21, 4
Thue Grum-Schwensen, 22, 4
Thue Grum-Schwensen, 23, 3
Thue Grum-Schwensen, 24, 3
Thue Grum-Schwensen, 25, 4
Mads Hvid, 1, 4
Mads Hvid, 2, 1
Mads Hvid, 3, 4
Mads Hvid, 4, 3
Mads Hvid, 5, 4
Mads Hvid, 6, 4
Mads Hvid, 7, 2
Mads Hvid, 8, 4
Mads Hvid, 9, 1
Mads Hvid, 10, 2
Mads Hvid, 11, 3
Mads Hvid, 12, 4
Mads Hvid, 13, 3
Mads Hvid, 14, 2
Mads Hvid, 15, 4
Mads Hvid, 16, 4
Mads Hvid, 17, 4
Mads Hvid, 18, 2
Mads Hvid, 19, 3
Mads Hvid, 20, 4
Mads Hvid, 21, 4
Mads Hvid, 22, 4
Mads Hvid, 23, 3
Mads Hvid, 24, 3
Mads Hvid, 25, 4
John Brandt, 1, 4
John Brandt, 2, 1
John Brandt, 3, 3
John Brandt, 4, 4
John Brandt, 5, 3
John Brandt, 6, 3
John Brandt, 7, 1
John Brandt, 8, 4
John Brandt, 9, 1
John Brandt, 10, 2
John Brandt, 11, 3
John Brandt, 12, 4
John Brandt, 13, 2
John Brandt, 14, 1
John Brandt, 15, 2
John Brandt, 16, 4
John Brandt, 17, 3
John Brandt, 18, 1
John Brandt, 19, 1
John Brandt, 20, 3
John Brandt, 21, 4
John Brandt, 22, 4
John Brandt, 23, 3
John Brandt, 24, 1
John Brandt, 25, 4
Anders Bøge, 1, 4
Anders Bøge, 2, 1
Anders Bøge, 3, 3
Anders Bøge, 4, 4
Anders Bøge, 5, 4
Anders Bøge, 6, 3
Anders Bøge, 7, 1
Anders Bøge, 8, 4
Anders Bøge, 9, 1
Anders Bøge, 10, 2
Anders Bøge, 11, 2
Anders Bøge, 12, 2
Anders Bøge, 13, 1
Anders Bøge, 14, 2
Anders Bøge, 15, 3
Anders Bøge, 16, 2
Anders Bøge, 17, 4
Anders Bøge, 18, 3
Anders Bøge, 19, 2
Anders Bøge, 20, 4
Anders Bøge, 21, 4
Anders Bøge, 22, 4
Anders Bøge, 23, 1
Anders Bøge, 24, 2
Anders Bøge, 25, 4
Pia Lieberknecht, 1, 4
Pia Lieberknecht, 2, 1
Pia Lieberknecht, 3, 3
Pia Lieberknecht, 4, 4
Pia Lieberknecht, 5, 4
Pia Lieberknecht, 6, 3
Pia Lieberknecht, 7, 1
Pia Lieberknecht, 8, 4
Pia Lieberknecht, 9, 1
Pia Lieberknecht, 10, 2
Pia Lieberknecht, 11, 3
Pia Lieberknecht, 12, 4
Pia Lieberknecht, 13, 3
Pia Lieberknecht, 14, 1
Pia Lieberknecht, 15, 3
Pia Lieberknecht, 16, 4
Pia Lieberknecht, 17, 4
Pia Lieberknecht, 18, 2
Pia Lieberknecht, 19, 3
Pia Lieberknecht, 20, 4
Pia Lieberknecht, 21, 4
Pia Lieberknecht, 22, 4
Pia Lieberknecht, 23, 3
Pia Lieberknecht, 24, 3
Pia Lieberknecht, 25, 4
Emil Njor, 1, 4
Emil Njor, 2, 1
Emil Njor, 3, 3
Emil Njor, 4, 4
Emil Njor, 5, 4
Emil Njor, 6, 3
Emil Njor, 7, 2
Emil Njor, 8, 4
Emil Njor, 9, 1
Emil Njor, 10, 2
Emil Njor, 11, 3
Emil Njor, 12, 4
Emil Njor, 13, 3
Emil Njor, 14, 1
Emil Njor, 15, 3
Emil Njor, 16, 4
Emil Njor, 17, 4
Emil Njor, 18, 2
Emil Njor, 19, 3
Emil Njor, 20, 4
Emil Njor, 21, 4
Emil Njor, 22, 4
Emil Njor, 23, 3
Emil Njor, 24, 2
Emil Njor, 25, 4
Elias Julius Binggeli, 1, 4
Elias Julius Binggeli, 2, 1
Elias Julius Binggeli, 3, 3
Elias Julius Binggeli, 4, 4
Elias Julius Binggeli, 5, 4
Elias Julius Binggeli, 6, 3
Elias Julius Binggeli, 7, 2
Elias Julius Binggeli, 8, 4
Elias Julius Binggeli, 9, 1
Elias Julius Binggeli, 10, 2
Elias Julius Binggeli, 11, 3
Elias Julius Binggeli, 12, 4
Elias Julius Binggeli, 13, 3
Elias Julius Binggeli, 14, 1
Elias Julius Binggeli, 15, 3
Elias Julius Binggeli, 16, 4
Elias Julius Binggeli, 17, 4
Elias Julius Binggeli, 18, 1
Elias Julius Binggeli, 19, 3
Elias Julius Binggeli, 20, 4
Elias Julius Binggeli, 21, 4
Elias Julius Binggeli, 22, 4
Elias Julius Binggeli, 23, 3
Elias Julius Binggeli, 24, 3
Elias Julius Binggeli, 25, 4
Kim Elmose, 1, 4
Kim Elmose, 2, 1
Kim Elmose, 3, 3
Kim Elmose, 4, 4
Kim Elmose, 5, 4
Kim Elmose, 6, 3
Kim Elmose, 7, 1
Kim Elmose, 8, 4
Kim Elmose, 9, 1
Kim Elmose, 10, 2
Kim Elmose, 11, 3
Kim Elmose, 12, 4
Kim Elmose, 13, 1
Kim Elmose, 14, 1
Kim Elmose, 15, 2
Kim Elmose, 16, 4
Kim Elmose, 17, 4
Kim Elmose, 18, 1
Kim Elmose, 19, 2
Kim Elmose, 20, 4
Kim Elmose, 21, 4
Kim Elmose, 22, 4
Kim Elmose, 23, 4
Kim Elmose, 24, 3
Kim Elmose, 25, 4
Allan Søgaard-Andersen, 1, 4
Allan Søgaard-Andersen, 2, 1
Allan Søgaard-Andersen, 3, 3
Allan Søgaard-Andersen, 4, 4
Allan Søgaard-Andersen, 5, 2
Allan Søgaard-Andersen, 6, 4
Allan Søgaard-Andersen, 7, 1
Allan Søgaard-Andersen, 8, 4
Allan Søgaard-Andersen, 9, 1
Allan Søgaard-Andersen, 10, 2
Allan Søgaard-Andersen, 11, 2
Allan Søgaard-Andersen, 12, 1
Allan Søgaard-Andersen, 13, 1
Allan Søgaard-Andersen, 14, 1
Allan Søgaard-Andersen, 15, 3
Allan Søgaard-Andersen, 16, 4
Allan Søgaard-Andersen, 17, 4
Allan Søgaard-Andersen, 18, 2
Allan Søgaard-Andersen, 19, 1
Allan Søgaard-Andersen, 20, 3
Allan Søgaard-Andersen, 21, 4
Allan Søgaard-Andersen, 22, 3
Allan Søgaard-Andersen, 23, 3
Allan Søgaard-Andersen, 24, 3
Allan Søgaard-Andersen, 25, 4
Henrik Dahl, 1, 4
Henrik Dahl, 2, 2
Henrik Dahl, 3, 3
Henrik Dahl, 4, 4
Henrik Dahl, 5, 3
Henrik Dahl, 6, 4
Henrik Dahl, 7, 4
Henrik Dahl, 8, 2
Henrik Dahl, 9, 1
Henrik Dahl, 10, 4
Henrik Dahl, 11, 4
Henrik Dahl, 12, 4
Henrik Dahl, 13, 3
Henrik Dahl, 14, 1
Henrik Dahl, 15, 4
Henrik Dahl, 16, 1
Henrik Dahl, 17, 3
Henrik Dahl, 18, 2
Henrik Dahl, 19, 4
Henrik Dahl, 20, 1
Henrik Dahl, 21, 4
Henrik Dahl, 22, 2
Henrik Dahl, 23, 1
Henrik Dahl, 24, 2
Henrik Dahl, 25, 1
Mads Strange, 1, 4
Mads Strange, 2, 1
Mads Strange, 3, 3
Mads Strange, 4, 4
Mads Strange, 5, 3
Mads Strange, 6, 3
Mads Strange, 7, 4
Mads Strange, 8, 2
Mads Strange, 9, 1
Mads Strange, 10, 3
Mads Strange, 11, 3
Mads Strange, 12, 4
Mads Strange, 13, 3
Mads Strange, 14, 2
Mads Strange, 15, 4
Mads Strange, 16, 2
Mads Strange, 17, 2
Mads Strange, 18, 2
Mads Strange, 19, 4
Mads Strange, 20, 1
Mads Strange, 21, 4
Mads Strange, 22, 3
Mads Strange, 23, 1
Mads Strange, 24, 2
Mads Strange, 25, 2
Thorbjørn Jacobsen, 1, 4
Thorbjørn Jacobsen, 2, 1
Thorbjørn Jacobsen, 3, 3
Thorbjørn Jacobsen, 4, 4
Thorbjørn Jacobsen, 5, 4
Thorbjørn Jacobsen, 6, 3
Thorbjørn Jacobsen, 7, 4
Thorbjørn Jacobsen, 8, 1
Thorbjørn Jacobsen, 9, 2
Thorbjørn Jacobsen, 10, 3
Thorbjørn Jacobsen, 11, 3
Thorbjørn Jacobsen, 12, 4
Thorbjørn Jacobsen, 13, 3
Thorbjørn Jacobsen, 14, 1
Thorbjørn Jacobsen, 15, 3
Thorbjørn Jacobsen, 16, 2
Thorbjørn Jacobsen, 17, 3
Thorbjørn Jacobsen, 18, 2
Thorbjørn Jacobsen, 19, 4
Thorbjørn Jacobsen, 20, 1
Thorbjørn Jacobsen, 21, 4
Thorbjørn Jacobsen, 22, 3
Thorbjørn Jacobsen, 23, 1
Thorbjørn Jacobsen, 24, 2
Thorbjørn Jacobsen, 25, 2
Carsten Normann, 1, 4
Carsten Normann, 2, 1
Carsten Normann, 3, 3
Carsten Normann, 4, 4
Carsten Normann, 5, 4
Carsten Normann, 6, 4
Carsten Normann, 7, 4
Carsten Normann, 8, 2
Carsten Normann, 9, 2
Carsten Normann, 10, 3
Carsten Normann, 11, 4
Carsten Normann, 12, 4
Carsten Normann, 13, 3
Carsten Normann, 14, 2
Carsten Normann, 15, 4
Carsten Normann, 16, 1
Carsten Normann, 17, 3
Carsten Normann, 18, 2
Carsten Normann, 19, 4
Carsten Normann, 20, 1
Carsten Normann, 21, 4
Carsten Normann, 22, 3
Carsten Normann, 23, 1
Carsten Normann, 24, 2
Carsten Normann, 25, 3
Helle Jensen, 1, 4
Helle Jensen, 2, 1
Helle Jensen, 3, 3
Helle Jensen, 4, 4
Helle Jensen, 5, 4
Helle Jensen, 6, 4
Helle Jensen, 7, 4
Helle Jensen, 8, 1
Helle Jensen, 9, 1
Helle Jensen, 10, 4
Helle Jensen, 11, 4
Helle Jensen, 12, 4
Helle Jensen, 13, 3
Helle Jensen, 14, 1
Helle Jensen, 15, 4
Helle Jensen, 16, 1
Helle Jensen, 17, 3
Helle Jensen, 18, 2
Helle Jensen, 19, 4
Helle Jensen, 20, 1
Helle Jensen, 21, 4
Helle Jensen, 22, 3
Helle Jensen, 23, 1
Helle Jensen, 24, 1
Helle Jensen, 25, 2
Martin Sibast Laugesen, 1, 4
Martin Sibast Laugesen, 2, 1
Martin Sibast Laugesen, 3, 3
Martin Sibast Laugesen, 4, 4
Martin Sibast Laugesen, 5, 3
Martin Sibast Laugesen, 6, 4
Martin Sibast Laugesen, 7, 4
Martin Sibast Laugesen, 8, 2
Martin Sibast Laugesen, 9, 2
Martin Sibast Laugesen, 10, 4
Martin Sibast Laugesen, 11, 2
Martin Sibast Laugesen, 12, 4
Martin Sibast Laugesen, 13, 3
Martin Sibast Laugesen, 14, 1
Martin Sibast Laugesen, 15, 3
Martin Sibast Laugesen, 16, 1
Martin Sibast Laugesen, 17, 3
Martin Sibast Laugesen, 18, 4
Martin Sibast Laugesen, 19, 4
Martin Sibast Laugesen, 20, 1
Martin Sibast Laugesen, 21, 4
Martin Sibast Laugesen, 22, 2
Martin Sibast Laugesen, 23, 1
Martin Sibast Laugesen, 24, 2
Martin Sibast Laugesen, 25, 1
Thomas Vesth, 1, 3
Thomas Vesth, 3, 1
Thomas Vesth, 4, 4
Thomas Vesth, 5, 3
Thomas Vesth, 6, 3
Thomas Vesth, 7, 4
Thomas Vesth, 8, 2
Thomas Vesth, 9, 2
Thomas Vesth, 10, 3
Thomas Vesth, 11, 2
Thomas Vesth, 12, 3
Thomas Vesth, 13, 3
Thomas Vesth, 14, 2
Thomas Vesth, 15, 3
Thomas Vesth, 16, 2
Thomas Vesth, 17, 3
Thomas Vesth, 18, 2
Thomas Vesth, 19, 3
Thomas Vesth, 20, 1
Thomas Vesth, 21, 3
Thomas Vesth, 22, 2
Thomas Vesth, 23, 1
Thomas Vesth, 24, 2
Thomas Vesth, 25, 2
Nikolaj Steffenauer, 1, 4
Nikolaj Steffenauer, 2, 1
Nikolaj Steffenauer, 3, 3
Nikolaj Steffenauer, 4, 4
Nikolaj Steffenauer, 5, 3
Nikolaj Steffenauer, 6, 4
Nikolaj Steffenauer, 7, 4
Nikolaj Steffenauer, 8, 1
Nikolaj Steffenauer, 9, 2
Nikolaj Steffenauer, 10, 3
Nikolaj Steffenauer, 11, 4
Nikolaj Steffenauer, 12, 4
Nikolaj Steffenauer, 13, 4
Nikolaj Steffenauer, 14, 1
Nikolaj Steffenauer, 15, 3
Nikolaj Steffenauer, 16, 1
Nikolaj Steffenauer, 17, 3
Nikolaj Steffenauer, 18, 3
Nikolaj Steffenauer, 19, 4
Nikolaj Steffenauer, 20, 1
Nikolaj Steffenauer, 21, 4
Nikolaj Steffenauer, 22, 3
Nikolaj Steffenauer, 23, 1
Nikolaj Steffenauer, 24, 1
Nikolaj Steffenauer, 25, 2
Danny Malkowski, 1, 4
Danny Malkowski, 2, 1
Danny Malkowski, 3, 3
Danny Malkowski, 4, 4
Danny Malkowski, 5, 4
Danny Malkowski, 6, 3
Danny Malkowski, 7, 4
Danny Malkowski, 8, 1
Danny Malkowski, 9, 1
Danny Malkowski, 10, 4
Danny Malkowski, 11, 4
Danny Malkowski, 12, 4
Danny Malkowski, 13, 4
Danny Malkowski, 14, 1
Danny Malkowski, 15, 4
Danny Malkowski, 16, 1
Danny Malkowski, 17, 3
Danny Malkowski, 18, 2
Danny Malkowski, 19, 4
Danny Malkowski, 20, 1
Danny Malkowski, 21, 4
Danny Malkowski, 22, 3
Danny Malkowski, 23, 1
Danny Malkowski, 24, 2
Danny Malkowski, 25, 2
Lars Høyer Holmqvist, 1, 4
Lars Høyer Holmqvist, 2, 1
Lars Høyer Holmqvist, 3, 3
Lars Høyer Holmqvist, 4, 4
Lars Høyer Holmqvist, 5, 4
Lars Høyer Holmqvist, 6, 4
Lars Høyer Holmqvist, 7, 4
Lars Høyer Holmqvist, 8, 2
Lars Høyer Holmqvist, 9, 2
Lars Høyer Holmqvist, 10, 4
Lars Høyer Holmqvist, 11, 4
Lars Høyer Holmqvist, 12, 4
Lars Høyer Holmqvist, 13, 4
Lars Høyer Holmqvist, 14, 2
Lars Høyer Holmqvist, 15, 4
Lars Høyer Holmqvist, 16, 2
Lars Høyer Holmqvist, 17, 3
Lars Høyer Holmqvist, 18, 2
Lars Høyer Holmqvist, 19, 4
Lars Høyer Holmqvist, 20, 1
Lars Høyer Holmqvist, 21, 4
Lars Høyer Holmqvist, 22, 1
Lars Høyer Holmqvist, 23, 1
Lars Høyer Holmqvist, 24, 1
Lars Høyer Holmqvist, 25, 2
Louise Siv Ebbesen, 1, 4
Louise Siv Ebbesen, 2, 2
Louise Siv Ebbesen, 3, 3
Louise Siv Ebbesen, 4, 4
Louise Siv Ebbesen, 5, 4
Louise Siv Ebbesen, 6, 4
Louise Siv Ebbesen, 7, 4
Louise Siv Ebbesen, 8, 1
Louise Siv Ebbesen, 9, 2
Louise Siv Ebbesen, 10, 4
Louise Siv Ebbesen, 11, 4
Louise Siv Ebbesen, 12, 4
Louise Siv Ebbesen, 13, 4
Louise Siv Ebbesen, 14, 2
Louise Siv Ebbesen, 15, 3
Louise Siv Ebbesen, 16, 1
Louise Siv Ebbesen, 17, 2
Louise Siv Ebbesen, 18, 2
Louise Siv Ebbesen, 19, 4
Louise Siv Ebbesen, 20, 1
Louise Siv Ebbesen, 21, 4
Louise Siv Ebbesen, 22, 2
Louise Siv Ebbesen, 23, 1
Louise Siv Ebbesen, 24, 2
Louise Siv Ebbesen, 25, 1
Chelle Lilly, 1, 4
Chelle Lilly, 2, 1
Chelle Lilly, 3, 3
Chelle Lilly, 4, 4
Chelle Lilly, 5, 4
Chelle Lilly, 6, 4
Chelle Lilly, 7, 4
Chelle Lilly, 8, 1
Chelle Lilly, 9, 1
Chelle Lilly, 10, 4
Chelle Lilly, 11, 4
Chelle Lilly, 12, 4
Chelle Lilly, 13, 4
Chelle Lilly, 14, 1
Chelle Lilly, 15, 4
Chelle Lilly, 16, 1
Chelle Lilly, 17, 3
Chelle Lilly, 18, 2
Chelle Lilly, 19, 4
Chelle Lilly, 20, 1
Chelle Lilly, 21, 4
Chelle Lilly, 22, 3
Chelle Lilly, 23, 1
Chelle Lilly, 24, 1
Chelle Lilly, 25, 2
Stine Bosse, 1, 4
Stine Bosse, 2, 1
Stine Bosse, 3, 4
Stine Bosse, 4, 4
Stine Bosse, 5, 4
Stine Bosse, 6, 2
Stine Bosse, 7, 3
Stine Bosse, 8, 4
Stine Bosse, 9, 1
Stine Bosse, 10, 3
Stine Bosse, 11, 4
Stine Bosse, 12, 4
Stine Bosse, 13, 4
Stine Bosse, 14, 1
Stine Bosse, 15, 2
Stine Bosse, 16, 3
Stine Bosse, 17, 4
Stine Bosse, 18, 2
Stine Bosse, 19, 4
Stine Bosse, 20, 4
Stine Bosse, 21, 4
Stine Bosse, 22, 2
Stine Bosse, 23, 3
Stine Bosse, 24, 2
Stine Bosse, 25, 3
Bergur Løkke Rasmussen, 1, 4
Bergur Løkke Rasmussen, 2, 1
Bergur Løkke Rasmussen, 3, 4
Bergur Løkke Rasmussen, 4, 4
Bergur Løkke Rasmussen, 5, 4
Bergur Løkke Rasmussen, 6, 2
Bergur Løkke Rasmussen, 7, 4
Bergur Løkke Rasmussen, 8, 4
Bergur Løkke Rasmussen, 9, 1
Bergur Løkke Rasmussen, 10, 3
Bergur Løkke Rasmussen, 11, 4
Bergur Løkke Rasmussen, 12, 4
Bergur Løkke Rasmussen, 13, 4
Bergur Løkke Rasmussen, 14, 1
Bergur Løkke Rasmussen, 15, 2
Bergur Løkke Rasmussen, 16, 3
Bergur Løkke Rasmussen, 17, 4
Bergur Løkke Rasmussen, 18, 2
Bergur Løkke Rasmussen, 19, 4
Bergur Løkke Rasmussen, 20, 4
Bergur Løkke Rasmussen, 21, 4
Bergur Løkke Rasmussen, 22, 2
Bergur Løkke Rasmussen, 23, 3
Bergur Løkke Rasmussen, 24, 2
Bergur Løkke Rasmussen, 25, 3
Tobias Marney, 1, 4
Tobias Marney, 2, 1
Tobias Marney, 3, 3
Tobias Marney, 4, 4
Tobias Marney, 5, 4
Tobias Marney, 6, 3
Tobias Marney, 7, 3
Tobias Marney, 8, 3
Tobias Marney, 9, 1
Tobias Marney, 10, 3
Tobias Marney, 11, 4
Tobias Marney, 12, 4
Tobias Marney, 13, 3
Tobias Marney, 14, 2
Tobias Marney, 15, 2
Tobias Marney, 16, 3
Tobias Marney, 17, 4
Tobias Marney, 19, 4
Tobias Marney, 20, 4
Tobias Marney, 21, 4
Tobias Marney, 22, 3
Tobias Marney, 23, 3
Tobias Marney, 24, 3
Tobias Marney, 25, 3
Laurs Nørlund, 1, 4
Laurs Nørlund, 2, 1
Laurs Nørlund, 3, 4
Laurs Nørlund, 4, 4
Laurs Nørlund, 5, 4
Laurs Nørlund, 6, 2
Laurs Nørlund, 7, 3
Laurs Nørlund, 8, 4
Laurs Nørlund, 9, 1
Laurs Nørlund, 10, 3
Laurs Nørlund, 11, 4
Laurs Nørlund, 12, 4
Laurs Nørlund, 13, 3
Laurs Nørlund, 14, 1
Laurs Nørlund, 15, 2
Laurs Nørlund, 16, 2
Laurs Nørlund, 17, 4
Laurs Nørlund, 18, 2
Laurs Nørlund, 19, 3
Laurs Nørlund, 20, 4
Laurs Nørlund, 21, 3
Laurs Nørlund, 22, 3
Laurs Nørlund, 23, 4
Laurs Nørlund, 24, 3
Laurs Nørlund, 25, 3
Barikan Solecki, 1, 4
Barikan Solecki, 2, 1
Barikan Solecki, 3, 4
Barikan Solecki, 4, 4
Barikan Solecki, 5, 4
Barikan Solecki, 6, 2
Barikan Solecki, 7, 3
Barikan Solecki, 8, 4
Barikan Solecki, 9, 1
Barikan Solecki, 10, 3
Barikan Solecki, 11, 4
Barikan Solecki, 12, 4
Barikan Solecki, 13, 3
Barikan Solecki, 14, 4
Barikan Solecki, 15, 2
Barikan Solecki, 16, 3
Barikan Solecki, 17, 4
Barikan Solecki, 18, 2
Barikan Solecki, 19, 4
Barikan Solecki, 20, 4
Barikan Solecki, 21, 4
Barikan Solecki, 22, 2
Barikan Solecki, 23, 3
Barikan Solecki, 24, 2
Barikan Solecki, 25, 4
Klavs A. Holm, 1, 4
Klavs A. Holm, 2, 1
Klavs A. Holm, 3, 4
Klavs A. Holm, 4, 4
Klavs A. Holm, 5, 4
Klavs A. Holm, 6, 1
Klavs A. Holm, 7, 4
Klavs A. Holm, 8, 4
Klavs A. Holm, 9, 2
Klavs A. Holm, 10, 4
Klavs A. Holm, 11, 4
Klavs A. Holm, 12, 4
Klavs A. Holm, 13, 1
Klavs A. Holm, 14, 2
Klavs A. Holm, 15, 2
Klavs A. Holm, 16, 3
Klavs A. Holm, 17, 3
Klavs A. Holm, 18, 3
Klavs A. Holm, 19, 3
Klavs A. Holm, 20, 2
Klavs A. Holm, 21, 3
Klavs A. Holm, 22, 4
Klavs A. Holm, 23, 2
Klavs A. Holm, 24, 2
Klavs A. Holm, 25, 3
Karin Liltorp, 1, 4
Karin Liltorp, 2, 1
Karin Liltorp, 3, 3
Karin Liltorp, 4, 4
Karin Liltorp, 5, 4
Karin Liltorp, 6, 2
Karin Liltorp, 7, 3
Karin Liltorp, 8, 4
Karin Liltorp, 9, 2
Karin Liltorp, 10, 3
Karin Liltorp, 11, 4
Karin Liltorp, 12, 4
Karin Liltorp, 13, 3
Karin Liltorp, 14, 1
Karin Liltorp, 15, 2
Karin Liltorp, 16, 3
Karin Liltorp, 17, 4
Karin Liltorp, 18, 2
Karin Liltorp, 19, 4
Karin Liltorp, 20, 3
Karin Liltorp, 21, 4
Karin Liltorp, 22, 3
Karin Liltorp, 23, 3
Karin Liltorp, 24, 2
Karin Liltorp, 25, 4
Frederik Lau Petersen, 1, 4
Frederik Lau Petersen, 2, 1
Frederik Lau Petersen, 3, 4
Frederik Lau Petersen, 4, 4
Frederik Lau Petersen, 5, 4
Frederik Lau Petersen, 6, 2
Frederik Lau Petersen, 7, 4
Frederik Lau Petersen, 8, 4
Frederik Lau Petersen, 9, 1
Frederik Lau Petersen, 10, 3
Frederik Lau Petersen, 11, 3
Frederik Lau Petersen, 12, 4
Frederik Lau Petersen, 13, 3
Frederik Lau Petersen, 14, 1
Frederik Lau Petersen, 15, 2
Frederik Lau Petersen, 16, 3
Frederik Lau Petersen, 17, 4
Frederik Lau Petersen, 18, 2
Frederik Lau Petersen, 19, 4
Frederik Lau Petersen, 20, 3
Frederik Lau Petersen, 21, 4
Frederik Lau Petersen, 22, 2
Frederik Lau Petersen, 23, 3
Frederik Lau Petersen, 24, 2
Frederik Lau Petersen, 25, 3
Abdinoor Adam Hassan, 1, 4
Abdinoor Adam Hassan, 2, 1
Abdinoor Adam Hassan, 3, 4
Abdinoor Adam Hassan, 4, 3
Abdinoor Adam Hassan, 5, 3
Abdinoor Adam Hassan, 6, 1
Abdinoor Adam Hassan, 7, 3
Abdinoor Adam Hassan, 8, 4
Abdinoor Adam Hassan, 9, 2
Abdinoor Adam Hassan, 10, 3
Abdinoor Adam Hassan, 11, 4
Abdinoor Adam Hassan, 12, 4
Abdinoor Adam Hassan, 13, 4
Abdinoor Adam Hassan, 14, 3
Abdinoor Adam Hassan, 15, 1
Abdinoor Adam Hassan, 16, 2
Abdinoor Adam Hassan, 17, 4
Abdinoor Adam Hassan, 18, 2
Abdinoor Adam Hassan, 19, 4
Abdinoor Adam Hassan, 20, 4
Abdinoor Adam Hassan, 21, 4
Abdinoor Adam Hassan, 22, 2
Abdinoor Adam Hassan, 23, 2
Abdinoor Adam Hassan, 24, 1
Abdinoor Adam Hassan, 25, 3
Dea Kehler, 1, 4
Dea Kehler, 2, 1
Dea Kehler, 3, 4
Dea Kehler, 4, 4
Dea Kehler, 5, 3
Dea Kehler, 6, 2
Dea Kehler, 7, 4
Dea Kehler, 8, 4
Dea Kehler, 9, 2
Dea Kehler, 10, 3
Dea Kehler, 11, 4
Dea Kehler, 12, 3
Dea Kehler, 13, 3
Dea Kehler, 14, 3
Dea Kehler, 15, 2
Dea Kehler, 16, 4
Dea Kehler, 17, 4
Dea Kehler, 18, 2
Dea Kehler, 19, 3
Dea Kehler, 20, 4
Dea Kehler, 21, 4
Dea Kehler, 22, 1
Dea Kehler, 23, 3
Dea Kehler, 24, 3
Dea Kehler, 25, 3
Lars Barfoed, 1, 4
Lars Barfoed, 2, 1
Lars Barfoed, 3, 3
Lars Barfoed, 4, 4
Lars Barfoed, 5, 3
Lars Barfoed, 6, 2
Lars Barfoed, 7, 3
Lars Barfoed, 8, 4
Lars Barfoed, 9, 1
Lars Barfoed, 10, 3
Lars Barfoed, 11, 4
Lars Barfoed, 12, 4
Lars Barfoed, 13, 3
Lars Barfoed, 14, 1
Lars Barfoed, 15, 2
Lars Barfoed, 16, 3
Lars Barfoed, 17, 4
Lars Barfoed, 18, 4
Lars Barfoed, 19, 4
Lars Barfoed, 20, 3
Lars Barfoed, 21, 4
Lars Barfoed, 22, 1
Lars Barfoed, 23, 2
Lars Barfoed, 24, 2
Lars Barfoed, 25, 3
Anders Vistisen, 1, 2
Anders Vistisen, 2, 4
Anders Vistisen, 3, 3
Anders Vistisen, 4, 2
Anders Vistisen, 5, 2
Anders Vistisen, 6, 3
Anders Vistisen, 7, 3
Anders Vistisen, 8, 2
Anders Vistisen, 9, 3
Anders Vistisen, 10, 4
Anders Vistisen, 11, 2
Anders Vistisen, 12, 3
Anders Vistisen, 13, 4
Anders Vistisen, 14, 3
Anders Vistisen, 15, 4
Anders Vistisen, 16, 2
Anders Vistisen, 17, 2
Anders Vistisen, 18, 3
Anders Vistisen, 19, 4
Anders Vistisen, 20, 1
Anders Vistisen, 21, 3
Anders Vistisen, 22, 2
Anders Vistisen, 23, 1
Anders Vistisen, 24, 3
Anders Vistisen, 25, 1
Majbritt Birkholm, 1, 2
Majbritt Birkholm, 2, 4
Majbritt Birkholm, 3, 2
Majbritt Birkholm, 4, 2
Majbritt Birkholm, 5, 2
Majbritt Birkholm, 6, 3
Majbritt Birkholm, 7, 4
Majbritt Birkholm, 8, 2
Majbritt Birkholm, 9, 3
Majbritt Birkholm, 10, 4
Majbritt Birkholm, 11, 1
Majbritt Birkholm, 12, 2
Majbritt Birkholm, 13, 4
Majbritt Birkholm, 14, 3
Majbritt Birkholm, 15, 4
Majbritt Birkholm, 16, 2
Majbritt Birkholm, 17, 3
Majbritt Birkholm, 18, 3
Majbritt Birkholm, 19, 3
Majbritt Birkholm, 20, 1
Majbritt Birkholm, 21, 3
Majbritt Birkholm, 22, 1
Majbritt Birkholm, 23, 1
Majbritt Birkholm, 24, 3
Majbritt Birkholm, 25, 1
Tobias Weische, 1, 2
Tobias Weische, 2, 4
Tobias Weische, 3, 2
Tobias Weische, 4, 2
Tobias Weische, 5, 2
Tobias Weische, 6, 3
Tobias Weische, 7, 4
Tobias Weische, 8, 3
Tobias Weische, 9, 3
Tobias Weische, 10, 4
Tobias Weische, 11, 1
Tobias Weische, 12, 3
Tobias Weische, 13, 4
Tobias Weische, 14, 4
Tobias Weische, 15, 4
Tobias Weische, 16, 2
Tobias Weische, 17, 2
Tobias Weische, 18, 3
Tobias Weische, 19, 2
Tobias Weische, 20, 1
Tobias Weische, 21, 3
Tobias Weische, 22, 2
Tobias Weische, 23, 1
Tobias Weische, 24, 3
Tobias Weische, 25, 1
Hans Blaaberg, 1, 1
Hans Blaaberg, 2, 4
Hans Blaaberg, 3, 1
Hans Blaaberg, 4, 1
Hans Blaaberg, 5, 1
Hans Blaaberg, 6, 2
Hans Blaaberg, 7, 3
Hans Blaaberg, 8, 3
Hans Blaaberg, 9, 3
Hans Blaaberg, 10, 4
Hans Blaaberg, 11, 1
Hans Blaaberg, 12, 3
Hans Blaaberg, 13, 4
Hans Blaaberg, 14, 4
Hans Blaaberg, 15, 4
Hans Blaaberg, 16, 2
Hans Blaaberg, 17, 2
Hans Blaaberg, 18, 3
Hans Blaaberg, 19, 4
Hans Blaaberg, 20, 1
Hans Blaaberg, 21, 4
Hans Blaaberg, 22, 1
Hans Blaaberg, 23, 1
Hans Blaaberg, 24, 4
Hans Blaaberg, 25, 1
Finn Rudaizky, 1, 2
Finn Rudaizky, 2, 4
Finn Rudaizky, 3, 2
Finn Rudaizky, 4, 2
Finn Rudaizky, 5, 1
Finn Rudaizky, 6, 3
Finn Rudaizky, 7, 4
Finn Rudaizky, 8, 3
Finn Rudaizky, 9, 2
Finn Rudaizky, 10, 4
Finn Rudaizky, 11, 2
Finn Rudaizky, 12, 3
Finn Rudaizky, 13, 3
Finn Rudaizky, 14, 4
Finn Rudaizky, 15, 4
Finn Rudaizky, 16, 2
Finn Rudaizky, 17, 2
Finn Rudaizky, 18, 3
Finn Rudaizky, 19, 3
Finn Rudaizky, 20, 1
Finn Rudaizky, 21, 3
Finn Rudaizky, 22, 2
Finn Rudaizky, 23, 1
Finn Rudaizky, 24, 3
Finn Rudaizky, 25, 1
Sune Nørgaard, 1, 1
Sune Nørgaard, 2, 4
Sune Nørgaard, 3, 2
Sune Nørgaard, 4, 1
Sune Nørgaard, 5, 1
Sune Nørgaard, 6, 3
Sune Nørgaard, 7, 3
Sune Nørgaard, 8, 3
Sune Nørgaard, 9, 3
Sune Nørgaard, 10, 4
Sune Nørgaard, 11, 1
Sune Nørgaard, 12, 3
Sune Nørgaard, 13, 4
Sune Nørgaard, 14, 4
Sune Nørgaard, 15, 4
Sune Nørgaard, 16, 2
Sune Nørgaard, 17, 1
Sune Nørgaard, 18, 4
Sune Nørgaard, 19, 4
Sune Nørgaard, 20, 1
Sune Nørgaard, 21, 4
Sune Nørgaard, 22, 1
Sune Nørgaard, 23, 1
Sune Nørgaard, 24, 4
Sune Nørgaard, 25, 1
Carsten Sørensen, 1, 1
Carsten Sørensen, 2, 4
Carsten Sørensen, 3, 4
Carsten Sørensen, 4, 2
Carsten Sørensen, 5, 2
Carsten Sørensen, 6, 2
Carsten Sørensen, 7, 3
Carsten Sørensen, 8, 2
Carsten Sørensen, 9, 3
Carsten Sørensen, 10, 4
Carsten Sørensen, 11, 1
Carsten Sørensen, 12, 3
Carsten Sørensen, 13, 4
Carsten Sørensen, 14, 3
Carsten Sørensen, 15, 4
Carsten Sørensen, 16, 1
Carsten Sørensen, 17, 2
Carsten Sørensen, 18, 3
Carsten Sørensen, 19, 3
Carsten Sørensen, 20, 1
Carsten Sørensen, 21, 2
Carsten Sørensen, 22, 1
Carsten Sørensen, 23, 1
Carsten Sørensen, 24, 3
Carsten Sørensen, 25, 1
Michael Nedersøe, 1, 2
Michael Nedersøe, 2, 3
Michael Nedersøe, 3, 3
Michael Nedersøe, 4, 2
Michael Nedersøe, 5, 2
Michael Nedersøe, 6, 3
Michael Nedersøe, 7, 3
Michael Nedersøe, 8, 2
Michael Nedersøe, 9, 3
Michael Nedersøe, 10, 4
Michael Nedersøe, 11, 2
Michael Nedersøe, 12, 3
Michael Nedersøe, 13, 4
Michael Nedersøe, 14, 4
Michael Nedersøe, 15, 4
Michael Nedersøe, 16, 2
Michael Nedersøe, 17, 2
Michael Nedersøe, 18, 3
Michael Nedersøe, 19, 4
Michael Nedersøe, 20, 2
Michael Nedersøe, 21, 2
Michael Nedersøe, 22, 2
Michael Nedersøe, 23, 2
Michael Nedersøe, 24, 2
Michael Nedersøe, 25, 1
Rune Bønnelykke, 1, 1
Rune Bønnelykke, 2, 4
Rune Bønnelykke, 3, 1
Rune Bønnelykke, 4, 1
Rune Bønnelykke, 5, 1
Rune Bønnelykke, 6, 4
Rune Bønnelykke, 7, 4
Rune Bønnelykke, 8, 1
Rune Bønnelykke, 9, 4
Rune Bønnelykke, 10, 4
Rune Bønnelykke, 11, 1
Rune Bønnelykke, 12, 4
Rune Bønnelykke, 13, 4
Rune Bønnelykke, 14, 4
Rune Bønnelykke, 15, 4
Rune Bønnelykke, 16, 1
Rune Bønnelykke, 17, 1
Rune Bønnelykke, 18, 4
Rune Bønnelykke, 19, 1
Rune Bønnelykke, 20, 1
Rune Bønnelykke, 21, 2
Rune Bønnelykke, 22, 1
Rune Bønnelykke, 23, 1
Rune Bønnelykke, 24, 4
Rune Bønnelykke, 25, 1
Julie Jacobsen, 1, 1
Julie Jacobsen, 2, 4
Julie Jacobsen, 3, 2
Julie Jacobsen, 4, 3
Julie Jacobsen, 5, 3
Julie Jacobsen, 6, 2
Julie Jacobsen, 7, 3
Julie Jacobsen, 8, 3
Julie Jacobsen, 9, 3
Julie Jacobsen, 10, 4
Julie Jacobsen, 11, 1
Julie Jacobsen, 12, 3
Julie Jacobsen, 13, 4
Julie Jacobsen, 14, 3
Julie Jacobsen, 15, 4
Julie Jacobsen, 16, 3
Julie Jacobsen, 17, 2
Julie Jacobsen, 18, 4
Julie Jacobsen, 19, 4
Julie Jacobsen, 20, 1
Julie Jacobsen, 21, 3
Julie Jacobsen, 22, 2
Julie Jacobsen, 23, 1
Julie Jacobsen, 24, 3
Julie Jacobsen, 25, 1
Søren Hansen, 1, 2
Søren Hansen, 2, 4
Søren Hansen, 3, 2
Søren Hansen, 4, 3
Søren Hansen, 5, 2
Søren Hansen, 6, 3
Søren Hansen, 7, 4
Søren Hansen, 8, 2
Søren Hansen, 9, 3
Søren Hansen, 10, 4
Søren Hansen, 11, 1
Søren Hansen, 12, 3
Søren Hansen, 13, 4
Søren Hansen, 14, 3
Søren Hansen, 15, 4
Søren Hansen, 16, 2
Søren Hansen, 17, 2
Søren Hansen, 18, 2
Søren Hansen, 19, 2
Søren Hansen, 20, 1
Søren Hansen, 21, 3
Søren Hansen, 22, 1
Søren Hansen, 23, 1
Søren Hansen, 24, 3
Søren Hansen, 25, 1
Inger-Marie Tryde, 1, 1
Inger-Marie Tryde, 2, 4
Inger-Marie Tryde, 3, 3
Inger-Marie Tryde, 4, 3
Inger-Marie Tryde, 5, 1
Inger-Marie Tryde, 6, 3
Inger-Marie Tryde, 7, 4
Inger-Marie Tryde, 8, 2
Inger-Marie Tryde, 9, 3
Inger-Marie Tryde, 10, 3
Inger-Marie Tryde, 11, 1
Inger-Marie Tryde, 12, 2
Inger-Marie Tryde, 13, 4
Inger-Marie Tryde, 14, 3
Inger-Marie Tryde, 15, 4
Inger-Marie Tryde, 16, 1
Inger-Marie Tryde, 17, 2
Inger-Marie Tryde, 18, 3
Inger-Marie Tryde, 19, 3
Inger-Marie Tryde, 20, 1
Inger-Marie Tryde, 21, 2
Inger-Marie Tryde, 22, 1
Inger-Marie Tryde, 23, 1
Inger-Marie Tryde, 24, 2
Inger-Marie Tryde, 25, 1
Mette Sode Hansen, 1, 2
Mette Sode Hansen, 2, 4
Mette Sode Hansen, 3, 2
Mette Sode Hansen, 4, 1
Mette Sode Hansen, 5, 1
Mette Sode Hansen, 6, 2
Mette Sode Hansen, 7, 4
Mette Sode Hansen, 8, 1
Mette Sode Hansen, 9, 3
Mette Sode Hansen, 10, 3
Mette Sode Hansen, 11, 1
Mette Sode Hansen, 12, 2
Mette Sode Hansen, 13, 4
Mette Sode Hansen, 14, 4
Mette Sode Hansen, 15, 4
Mette Sode Hansen, 16, 2
Mette Sode Hansen, 17, 1
Mette Sode Hansen, 18, 3
Mette Sode Hansen, 19, 4
Mette Sode Hansen, 20, 1
Mette Sode Hansen, 21, 1
Mette Sode Hansen, 22, 1
Mette Sode Hansen, 23, 1
Mette Sode Hansen, 24, 1
Mette Sode Hansen, 25, 1
Birgitte Milling, 1, 1
Birgitte Milling, 2, 4
Birgitte Milling, 3, 2
Birgitte Milling, 4, 1
Birgitte Milling, 5, 1
Birgitte Milling, 6, 1
Birgitte Milling, 7, 4
Birgitte Milling, 8, 3
Birgitte Milling, 9, 3
Birgitte Milling, 10, 4
Birgitte Milling, 11, 1
Birgitte Milling, 12, 2
Birgitte Milling, 13, 4
Birgitte Milling, 14, 4
Birgitte Milling, 15, 4
Birgitte Milling, 16, 2
Birgitte Milling, 17, 2
Birgitte Milling, 18, 3
Birgitte Milling, 19, 4
Birgitte Milling, 20, 2
Birgitte Milling, 21, 1
Birgitte Milling, 22, 1
Birgitte Milling, 23, 1
Birgitte Milling, 24, 2
Birgitte Milling, 25, 2
Søren Lund Hansen, 1, 2
Søren Lund Hansen, 2, 4
Søren Lund Hansen, 3, 3
Søren Lund Hansen, 4, 1
Søren Lund Hansen, 5, 3
Søren Lund Hansen, 6, 2
Søren Lund Hansen, 7, 3
Søren Lund Hansen, 8, 3
Søren Lund Hansen, 9, 3
Søren Lund Hansen, 10, 4
Søren Lund Hansen, 11, 1
Søren Lund Hansen, 12, 3
Søren Lund Hansen, 13, 4
Søren Lund Hansen, 14, 2
Søren Lund Hansen, 15, 4
Søren Lund Hansen, 16, 2
Søren Lund Hansen, 17, 2
Søren Lund Hansen, 18, 3
Søren Lund Hansen, 19, 4
Søren Lund Hansen, 20, 1
Søren Lund Hansen, 21, 1
Søren Lund Hansen, 22, 2
Søren Lund Hansen, 23, 1
Søren Lund Hansen, 24, 1
Søren Lund Hansen, 25, 1
Bonett Trusell, 1, 1
Bonett Trusell, 2, 4
Bonett Trusell, 3, 2
Bonett Trusell, 4, 2
Bonett Trusell, 5, 2
Bonett Trusell, 6, 3
Bonett Trusell, 7, 4
Bonett Trusell, 8, 3
Bonett Trusell, 9, 3
Bonett Trusell, 10, 4
Bonett Trusell, 11, 1
Bonett Trusell, 12, 2
Bonett Trusell, 13, 4
Bonett Trusell, 14, 4
Bonett Trusell, 15, 4
Bonett Trusell, 16, 2
Bonett Trusell, 17, 3
Bonett Trusell, 18, 2
Bonett Trusell, 19, 3
Bonett Trusell, 20, 1
Bonett Trusell, 21, 3
Bonett Trusell, 22, 1
Bonett Trusell, 23, 1
Bonett Trusell, 24, 3
Bonett Trusell, 25, 1
Morten Løkkegaard, 1, 4
Morten Løkkegaard, 2, 2
Morten Løkkegaard, 3, 3
Morten Løkkegaard, 4, 4
Morten Løkkegaard, 5, 3
Morten Løkkegaard, 6, 2
Morten Løkkegaard, 7, 3
Morten Løkkegaard, 8, 2
Morten Løkkegaard, 9, 2
Morten Løkkegaard, 10, 4
Morten Løkkegaard, 11, 2
Morten Løkkegaard, 12, 4
Morten Løkkegaard, 13, 3
Morten Løkkegaard, 14, 1
Morten Løkkegaard, 15, 4
Morten Løkkegaard, 16, 1
Morten Løkkegaard, 17, 3
Morten Løkkegaard, 18, 3
Morten Løkkegaard, 19, 4
Morten Løkkegaard, 20, 2
Morten Løkkegaard, 21, 3
Morten Løkkegaard, 22, 2
Morten Løkkegaard, 23, 1
Morten Løkkegaard, 24, 2
Morten Løkkegaard, 25, 3
Asger Christensen, 1, 4
Asger Christensen, 2, 2
Asger Christensen, 3, 4
Asger Christensen, 4, 4
Asger Christensen, 5, 3
Asger Christensen, 6, 2
Asger Christensen, 7, 4
Asger Christensen, 8, 2
Asger Christensen, 9, 3
Asger Christensen, 10, 4
Asger Christensen, 11, 2
Asger Christensen, 12, 4
Asger Christensen, 13, 3
Asger Christensen, 14, 1
Asger Christensen, 15, 4
Asger Christensen, 16, 1
Asger Christensen, 17, 3
Asger Christensen, 18, 4
Asger Christensen, 19, 4
Asger Christensen, 20, 2
Asger Christensen, 21, 4
Asger Christensen, 22, 2
Asger Christensen, 23, 1
Asger Christensen, 24, 3
Asger Christensen, 25, 2
Ulla Tørnæs, 1, 4
Ulla Tørnæs, 2, 1
Ulla Tørnæs, 3, 3
Ulla Tørnæs, 4, 4
Ulla Tørnæs, 5, 3
Ulla Tørnæs, 6, 3
Ulla Tørnæs, 7, 4
Ulla Tørnæs, 8, 3
Ulla Tørnæs, 9, 2
Ulla Tørnæs, 10, 4
Ulla Tørnæs, 11, 4
Ulla Tørnæs, 12, 4
Ulla Tørnæs, 13, 2
Ulla Tørnæs, 14, 2
Ulla Tørnæs, 15, 4
Ulla Tørnæs, 16, 2
Ulla Tørnæs, 17, 3
Ulla Tørnæs, 18, 4
Ulla Tørnæs, 19, 4
Ulla Tørnæs, 20, 3
Ulla Tørnæs, 21, 4
Ulla Tørnæs, 22, 3
Ulla Tørnæs, 23, 3
Ulla Tørnæs, 24, 3
Ulla Tørnæs, 25, 3
Julie Hassing, 1, 4
Julie Hassing, 2, 2
Julie Hassing, 3, 4
Julie Hassing, 4, 4
Julie Hassing, 5, 3
Julie Hassing, 6, 2
Julie Hassing, 7, 3
Julie Hassing, 8, 2
Julie Hassing, 9, 2
Julie Hassing, 10, 4
Julie Hassing, 11, 2
Julie Hassing, 12, 4
Julie Hassing, 13, 3
Julie Hassing, 14, 1
Julie Hassing, 15, 4
Julie Hassing, 16, 2
Julie Hassing, 17, 3
Julie Hassing, 18, 3
Julie Hassing, 19, 4
Julie Hassing, 20, 2
Julie Hassing, 21, 3
Julie Hassing, 22, 2
Julie Hassing, 23, 2
Julie Hassing, 24, 2
Julie Hassing, 25, 3
Marianne Lynghøj, 1, 4
Marianne Lynghøj, 2, 2
Marianne Lynghøj, 3, 3
Marianne Lynghøj, 4, 3
Marianne Lynghøj, 5, 3
Marianne Lynghøj, 6, 2
Marianne Lynghøj, 7, 4
Marianne Lynghøj, 8, 3
Marianne Lynghøj, 9, 2
Marianne Lynghøj, 10, 3
Marianne Lynghøj, 11, 3
Marianne Lynghøj, 12, 3
Marianne Lynghøj, 13, 3
Marianne Lynghøj, 14, 2
Marianne Lynghøj, 15, 3
Marianne Lynghøj, 16, 2
Marianne Lynghøj, 17, 3
Marianne Lynghøj, 18, 3
Marianne Lynghøj, 19, 3
Marianne Lynghøj, 20, 3
Marianne Lynghøj, 21, 3
Marianne Lynghøj, 22, 3
Marianne Lynghøj, 23, 2
Marianne Lynghøj, 24, 2
Marianne Lynghøj, 25, 3
Carsten Kissmeyer, 1, 4
Carsten Kissmeyer, 2, 1
Carsten Kissmeyer, 3, 4
Carsten Kissmeyer, 4, 4
Carsten Kissmeyer, 5, 3
Carsten Kissmeyer, 6, 2
Carsten Kissmeyer, 7, 3
Carsten Kissmeyer, 8, 3
Carsten Kissmeyer, 9, 2
Carsten Kissmeyer, 10, 2
Carsten Kissmeyer, 11, 2
Carsten Kissmeyer, 12, 4
Carsten Kissmeyer, 13, 2
Carsten Kissmeyer, 14, 1
Carsten Kissmeyer, 15, 2
Carsten Kissmeyer, 16, 2
Carsten Kissmeyer, 17, 3
Carsten Kissmeyer, 18, 4
Carsten Kissmeyer, 19, 4
Carsten Kissmeyer, 20, 3
Carsten Kissmeyer, 21, 3
Carsten Kissmeyer, 22, 3
Carsten Kissmeyer, 23, 2
Carsten Kissmeyer, 24, 3
Carsten Kissmeyer, 25, 3
Alexandra Sasha, 2, 2
Alexandra Sasha, 3, 3
Alexandra Sasha, 4, 3
Alexandra Sasha, 5, 3
Alexandra Sasha, 6, 2
Alexandra Sasha, 7, 4
Alexandra Sasha, 8, 2
Alexandra Sasha, 9, 2
Alexandra Sasha, 10, 3
Alexandra Sasha, 11, 2
Alexandra Sasha, 12, 3
Alexandra Sasha, 13, 3
Alexandra Sasha, 14, 2
Alexandra Sasha, 15, 4
Alexandra Sasha, 16, 2
Alexandra Sasha, 17, 3
Alexandra Sasha, 18, 3
Alexandra Sasha, 19, 3
Alexandra Sasha, 20, 2
Alexandra Sasha, 21, 3
Alexandra Sasha, 22, 2
Alexandra Sasha, 23, 1
Alexandra Sasha, 24, 2
Jonas Pullich, 1, 4
Jonas Pullich, 2, 1
Jonas Pullich, 3, 3
Jonas Pullich, 4, 4
Jonas Pullich, 5, 3
Jonas Pullich, 6, 3
Jonas Pullich, 7, 4
Jonas Pullich, 8, 3
Jonas Pullich, 9, 2
Jonas Pullich, 10, 3
Jonas Pullich, 11, 2
Jonas Pullich, 12, 3
Jonas Pullich, 13, 3
Jonas Pullich, 14, 2
Jonas Pullich, 15, 3
Jonas Pullich, 16, 2
Jonas Pullich, 17, 3
Jonas Pullich, 18, 2
Jonas Pullich, 19, 2
Jonas Pullich, 20, 3
Jonas Pullich, 21, 4
Jonas Pullich, 22, 2
Jonas Pullich, 23, 2
Jonas Pullich, 24, 2
Jonas Pullich, 25, 3
Torsten Laksafoss Holbek, 1, 4
Torsten Laksafoss Holbek, 2, 1
Torsten Laksafoss Holbek, 3, 4
Torsten Laksafoss Holbek, 4, 4
Torsten Laksafoss Holbek, 5, 3
Torsten Laksafoss Holbek, 6, 3
Torsten Laksafoss Holbek, 7, 4
Torsten Laksafoss Holbek, 8, 2
Torsten Laksafoss Holbek, 9, 2
Torsten Laksafoss Holbek, 10, 4
Torsten Laksafoss Holbek, 11, 2
Torsten Laksafoss Holbek, 12, 4
Torsten Laksafoss Holbek, 13, 3
Torsten Laksafoss Holbek, 14, 1
Torsten Laksafoss Holbek, 15, 4
Torsten Laksafoss Holbek, 16, 1
Torsten Laksafoss Holbek, 17, 3
Torsten Laksafoss Holbek, 18, 3
Torsten Laksafoss Holbek, 19, 4
Torsten Laksafoss Holbek, 20, 3
Torsten Laksafoss Holbek, 21, 3
Torsten Laksafoss Holbek, 22, 3
Torsten Laksafoss Holbek, 23, 1
Torsten Laksafoss Holbek, 24, 2
Torsten Laksafoss Holbek, 25, 3
Thorbern Alexander Klingert, 1, 4
Thorbern Alexander Klingert, 2, 2
Thorbern Alexander Klingert, 3, 3
Thorbern Alexander Klingert, 4, 3
Thorbern Alexander Klingert, 5, 4
Thorbern Alexander Klingert, 6, 2
Thorbern Alexander Klingert, 7, 3
Thorbern Alexander Klingert, 8, 3
Thorbern Alexander Klingert, 9, 2
Thorbern Alexander Klingert, 10, 4
Thorbern Alexander Klingert, 11, 3
Thorbern Alexander Klingert, 12, 4
Thorbern Alexander Klingert, 13, 4
Thorbern Alexander Klingert, 14, 2
Thorbern Alexander Klingert, 15, 4
Thorbern Alexander Klingert, 16, 3
Thorbern Alexander Klingert, 17, 3
Thorbern Alexander Klingert, 18, 1
Thorbern Alexander Klingert, 19, 4
Thorbern Alexander Klingert, 20, 2
Thorbern Alexander Klingert, 21, 3
Thorbern Alexander Klingert, 22, 2
Thorbern Alexander Klingert, 23, 2
Thorbern Alexander Klingert, 24, 3
Thorbern Alexander Klingert, 25, 2
Jakob Vium Dyrman, 1, 4
Jakob Vium Dyrman, 2, 2
Jakob Vium Dyrman, 3, 3
Jakob Vium Dyrman, 4, 4
Jakob Vium Dyrman, 5, 3
Jakob Vium Dyrman, 6, 1
Jakob Vium Dyrman, 7, 3
Jakob Vium Dyrman, 8, 2
Jakob Vium Dyrman, 9, 1
Jakob Vium Dyrman, 10, 3
Jakob Vium Dyrman, 11, 4
Jakob Vium Dyrman, 12, 4
Jakob Vium Dyrman, 13, 3
Jakob Vium Dyrman, 14, 1
Jakob Vium Dyrman, 15, 3
Jakob Vium Dyrman, 16, 3
Jakob Vium Dyrman, 17, 2
Jakob Vium Dyrman, 18, 4
Jakob Vium Dyrman, 19, 4
Jakob Vium Dyrman, 20, 1
Jakob Vium Dyrman, 21, 3
Jakob Vium Dyrman, 22, 3
Jakob Vium Dyrman, 23, 1
Jakob Vium Dyrman, 24, 2
Jakob Vium Dyrman, 25, 3
Niels Plum, 1, 4
Niels Plum, 2, 1
Niels Plum, 3, 4
Niels Plum, 4, 4
Niels Plum, 5, 4
Niels Plum, 6, 3
Niels Plum, 7, 4
Niels Plum, 8, 4
Niels Plum, 9, 1
Niels Plum, 10, 4
Niels Plum, 11, 4
Niels Plum, 12, 4
Niels Plum, 13, 2
Niels Plum, 14, 1
Niels Plum, 15, 4
Niels Plum, 16, 3
Niels Plum, 17, 3
Niels Plum, 18, 4
Niels Plum, 19, 4
Niels Plum, 20, 3
Niels Plum, 21, 4
Niels Plum, 22, 4
Niels Plum, 23, 1
Niels Plum, 24, 1
Niels Plum, 25, 1
Kristoffer Storm, 1, 2
Kristoffer Storm, 2, 3
Kristoffer Storm, 3, 3
Kristoffer Storm, 4, 3
Kristoffer Storm, 5, 1
Kristoffer Storm, 6, 2
Kristoffer Storm, 7, 4
Kristoffer Storm, 8, 2
Kristoffer Storm, 9, 3
Kristoffer Storm, 10, 4
Kristoffer Storm, 11, 1
Kristoffer Storm, 12, 3
Kristoffer Storm, 13, 4
Kristoffer Storm, 14, 3
Kristoffer Storm, 15, 4
Kristoffer Storm, 16, 1
Kristoffer Storm, 17, 2
Kristoffer Storm, 18, 4
Kristoffer Storm, 19, 4
Kristoffer Storm, 20, 1
Kristoffer Storm, 21, 3
Kristoffer Storm, 22, 1
Kristoffer Storm, 23, 1
Kristoffer Storm, 24, 2
Kristoffer Storm, 25, 1
Vivi Altenburg, 1, 3
Vivi Altenburg, 2, 3
Vivi Altenburg, 3, 3
Vivi Altenburg, 4, 3
Vivi Altenburg, 5, 1
Vivi Altenburg, 6, 2
Vivi Altenburg, 7, 4
Vivi Altenburg, 8, 2
Vivi Altenburg, 9, 3
Vivi Altenburg, 10, 4
Vivi Altenburg, 11, 1
Vivi Altenburg, 12, 3
Vivi Altenburg, 13, 4
Vivi Altenburg, 14, 3
Vivi Altenburg, 15, 4
Vivi Altenburg, 16, 1
Vivi Altenburg, 17, 1
Vivi Altenburg, 18, 4
Vivi Altenburg, 19, 4
Vivi Altenburg, 20, 1
Vivi Altenburg, 21, 3
Vivi Altenburg, 22, 1
Vivi Altenburg, 23, 1
Vivi Altenburg, 24, 2
Vivi Altenburg, 25, 1
Magnus Bigum, 1, 2
Magnus Bigum, 2, 4
Magnus Bigum, 3, 3
Magnus Bigum, 4, 3
Magnus Bigum, 5, 1
Magnus Bigum, 6, 2
Magnus Bigum, 7, 4
Magnus Bigum, 8, 1
Magnus Bigum, 9, 4
Magnus Bigum, 10, 4
Magnus Bigum, 11, 1
Magnus Bigum, 12, 4
Magnus Bigum, 13, 4
Magnus Bigum, 14, 2
Magnus Bigum, 15, 4
Magnus Bigum, 16, 1
Magnus Bigum, 17, 1
Magnus Bigum, 18, 4
Magnus Bigum, 19, 4
Magnus Bigum, 20, 1
Magnus Bigum, 21, 4
Magnus Bigum, 22, 1
Magnus Bigum, 23, 1
Magnus Bigum, 24, 2
Magnus Bigum, 25, 1
Benny Bindslev, 1, 2
Benny Bindslev, 2, 3
Benny Bindslev, 3, 2
Benny Bindslev, 4, 4
Benny Bindslev, 5, 1
Benny Bindslev, 6, 2
Benny Bindslev, 7, 4
Benny Bindslev, 8, 2
Benny Bindslev, 9, 3
Benny Bindslev, 10, 4
Benny Bindslev, 11, 1
Benny Bindslev, 12, 4
Benny Bindslev, 13, 4
Benny Bindslev, 14, 3
Benny Bindslev, 15, 4
Benny Bindslev, 16, 1
Benny Bindslev, 17, 1
Benny Bindslev, 18, 4
Benny Bindslev, 19, 4
Benny Bindslev, 20, 1
Benny Bindslev, 21, 3
Benny Bindslev, 22, 1
Benny Bindslev, 23, 1
Benny Bindslev, 24, 1
Benny Bindslev, 25, 1
Lars Bregnbak, 1, 4
Lars Bregnbak, 2, 3
Lars Bregnbak, 3, 3
Lars Bregnbak, 4, 3
Lars Bregnbak, 5, 2
Lars Bregnbak, 6, 2
Lars Bregnbak, 7, 3
Lars Bregnbak, 8, 2
Lars Bregnbak, 9, 3
Lars Bregnbak, 10, 4
Lars Bregnbak, 11, 2
Lars Bregnbak, 12, 4
Lars Bregnbak, 13, 4
Lars Bregnbak, 14, 3
Lars Bregnbak, 15, 4
Lars Bregnbak, 16, 2
Lars Bregnbak, 17, 2
Lars Bregnbak, 18, 4
Lars Bregnbak, 19, 4
Lars Bregnbak, 20, 1
Lars Bregnbak, 21, 3
Lars Bregnbak, 22, 4
Lars Bregnbak, 23, 1
Lars Bregnbak, 24, 2
Lars Bregnbak, 25, 2
Susanne Damsgaard, 1, 2
Susanne Damsgaard, 2, 3
Susanne Damsgaard, 3, 3
Susanne Damsgaard, 4, 3
Susanne Damsgaard, 5, 1
Susanne Damsgaard, 6, 2
Susanne Damsgaard, 7, 4
Susanne Damsgaard, 8, 2
Susanne Damsgaard, 9, 3
Susanne Damsgaard, 10, 4
Susanne Damsgaard, 11, 1
Susanne Damsgaard, 12, 3
Susanne Damsgaard, 13, 4
Susanne Damsgaard, 14, 4
Susanne Damsgaard, 15, 4
Susanne Damsgaard, 16, 1
Susanne Damsgaard, 17, 1
Susanne Damsgaard, 18, 4
Susanne Damsgaard, 19, 4
Susanne Damsgaard, 20, 1
Susanne Damsgaard, 21, 3
Susanne Damsgaard, 22, 1
Susanne Damsgaard, 23, 1
Susanne Damsgaard, 24, 2
Susanne Damsgaard, 25, 1
Karen Lia Fromm-Christiansen, 1, 2
Karen Lia Fromm-Christiansen, 2, 3
Karen Lia Fromm-Christiansen, 3, 3
Karen Lia Fromm-Christiansen, 4, 4
Karen Lia Fromm-Christiansen, 5, 1
Karen Lia Fromm-Christiansen, 6, 2
Karen Lia Fromm-Christiansen, 7, 4
Karen Lia Fromm-Christiansen, 8, 2
Karen Lia Fromm-Christiansen, 9, 4
Karen Lia Fromm-Christiansen, 10, 4
Karen Lia Fromm-Christiansen, 11, 1
Karen Lia Fromm-Christiansen, 12, 4
Karen Lia Fromm-Christiansen, 13, 4
Karen Lia Fromm-Christiansen, 14, 3
Karen Lia Fromm-Christiansen, 15, 4
Karen Lia Fromm-Christiansen, 16, 1
Karen Lia Fromm-Christiansen, 17, 1
Karen Lia Fromm-Christiansen, 18, 4
Karen Lia Fromm-Christiansen, 19, 4
Karen Lia Fromm-Christiansen, 20, 1
Karen Lia Fromm-Christiansen, 21, 3
Karen Lia Fromm-Christiansen, 22, 1
Karen Lia Fromm-Christiansen, 23, 1
Karen Lia Fromm-Christiansen, 24, 1
Karen Lia Fromm-Christiansen, 25, 1
Annette Giuranna, 1, 2
Annette Giuranna, 2, 3
Annette Giuranna, 3, 3
Annette Giuranna, 4, 3
Annette Giuranna, 5, 1
Annette Giuranna, 6, 2
Annette Giuranna, 7, 4
Annette Giuranna, 8, 2
Annette Giuranna, 9, 3
Annette Giuranna, 10, 4
Annette Giuranna, 11, 1
Annette Giuranna, 12, 3
Annette Giuranna, 13, 4
Annette Giuranna, 14, 3
Annette Giuranna, 15, 4
Annette Giuranna, 16, 1
Annette Giuranna, 17, 1
Annette Giuranna, 18, 3
Annette Giuranna, 19, 4
Annette Giuranna, 20, 1
Annette Giuranna, 21, 3
Annette Giuranna, 22, 1
Annette Giuranna, 23, 1
Annette Giuranna, 24, 2
Annette Giuranna, 25, 1
Renate Hendriksen, 1, 2
Renate Hendriksen, 2, 3
Renate Hendriksen, 3, 3
Renate Hendriksen, 4, 3
Renate Hendriksen, 5, 1
Renate Hendriksen, 6, 2
Renate Hendriksen, 7, 4
Renate Hendriksen, 8, 2
Renate Hendriksen, 9, 3
Renate Hendriksen, 10, 4
Renate Hendriksen, 11, 1
Renate Hendriksen, 12, 3
Renate Hendriksen, 13, 4
Renate Hendriksen, 14, 3
Renate Hendriksen, 15, 4
Renate Hendriksen, 16, 1
Renate Hendriksen, 17, 1
Renate Hendriksen, 18, 4
Renate Hendriksen, 19, 4
Renate Hendriksen, 20, 1
Renate Hendriksen, 21, 3
Renate Hendriksen, 22, 1
Renate Hendriksen, 23, 1
Renate Hendriksen, 24, 2
Renate Hendriksen, 25, 1
Anton Rosenstrøm Laursen, 1, 2
Anton Rosenstrøm Laursen, 2, 3
Anton Rosenstrøm Laursen, 3, 3
Anton Rosenstrøm Laursen, 4, 3
Anton Rosenstrøm Laursen, 5, 1
Anton Rosenstrøm Laursen, 6, 1
Anton Rosenstrøm Laursen, 7, 3
Anton Rosenstrøm Laursen, 8, 2
Anton Rosenstrøm Laursen, 9, 2
Anton Rosenstrøm Laursen, 10, 4
Anton Rosenstrøm Laursen, 11, 1
Anton Rosenstrøm Laursen, 12, 3
Anton Rosenstrøm Laursen, 13, 4
Anton Rosenstrøm Laursen, 14, 3
Anton Rosenstrøm Laursen, 15, 4
Anton Rosenstrøm Laursen, 16, 1
Anton Rosenstrøm Laursen, 17, 2
Anton Rosenstrøm Laursen, 18, 4
Anton Rosenstrøm Laursen, 19, 4
Anton Rosenstrøm Laursen, 20, 1
Anton Rosenstrøm Laursen, 21, 3
Anton Rosenstrøm Laursen, 22, 1
Anton Rosenstrøm Laursen, 23, 1
Anton Rosenstrøm Laursen, 24, 2
Anton Rosenstrøm Laursen, 25, 1
Dina Person, 1, 3
Dina Person, 2, 4
Dina Person, 3, 4
Dina Person, 4, 4
Dina Person, 5, 1
Dina Person, 6, 1
Dina Person, 7, 3
Dina Person, 8, 2
Dina Person, 9, 3
Dina Person, 10, 4
Dina Person, 11, 1
Dina Person, 12, 4
Dina Person, 13, 4
Dina Person, 14, 2
Dina Person, 15, 4
Dina Person, 16, 2
Dina Person, 17, 2
Dina Person, 18, 3
Dina Person, 19, 4
Dina Person, 20, 1
Dina Person, 21, 3
Dina Person, 22, 2
Dina Person, 23, 1
Dina Person, 24, 2
Dina Person, 25, 2
Erik Poulsen, 1, 3
Erik Poulsen, 2, 2
Erik Poulsen, 3, 4
Erik Poulsen, 4, 4
Erik Poulsen, 5, 2
Erik Poulsen, 6, 2
Erik Poulsen, 7, 3
Erik Poulsen, 8, 3
Erik Poulsen, 9, 3
Erik Poulsen, 10, 4
Erik Poulsen, 11, 3
Erik Poulsen, 12, 4
Erik Poulsen, 13, 3
Erik Poulsen, 14, 1
Erik Poulsen, 15, 4
Erik Poulsen, 16, 2
Erik Poulsen, 17, 1
Erik Poulsen, 18, 4
Erik Poulsen, 19, 4
Erik Poulsen, 20, 1
Erik Poulsen, 21, 3
Erik Poulsen, 22, 2
Erik Poulsen, 23, 1
Erik Poulsen, 24, 3
Erik Poulsen, 25, 2
Claus Bisgaard Skovmose, 1, 3
Claus Bisgaard Skovmose, 2, 3
Claus Bisgaard Skovmose, 3, 3
Claus Bisgaard Skovmose, 4, 2
Claus Bisgaard Skovmose, 5, 2
Claus Bisgaard Skovmose, 6, 1
Claus Bisgaard Skovmose, 7, 4
Claus Bisgaard Skovmose, 8, 2
Claus Bisgaard Skovmose, 9, 3
Claus Bisgaard Skovmose, 10, 3
Claus Bisgaard Skovmose, 11, 1
Claus Bisgaard Skovmose, 12, 3
Claus Bisgaard Skovmose, 13, 3
Claus Bisgaard Skovmose, 14, 2
Claus Bisgaard Skovmose, 15, 2
Claus Bisgaard Skovmose, 16, 3
Claus Bisgaard Skovmose, 17, 2
Claus Bisgaard Skovmose, 18, 4
Claus Bisgaard Skovmose, 19, 4
Claus Bisgaard Skovmose, 20, 1
Claus Bisgaard Skovmose, 21, 3
Claus Bisgaard Skovmose, 22, 1
Claus Bisgaard Skovmose, 23, 1
Claus Bisgaard Skovmose, 24, 1
Claus Bisgaard Skovmose, 25, 1
Bent Juul Sørensen, 1, 4
Bent Juul Sørensen, 2, 2
Bent Juul Sørensen, 3, 3
Bent Juul Sørensen, 4, 4
Bent Juul Sørensen, 5, 2
Bent Juul Sørensen, 6, 1
Bent Juul Sørensen, 7, 3
Bent Juul Sørensen, 8, 4
Bent Juul Sørensen, 9, 4
Bent Juul Sørensen, 10, 4
Bent Juul Sørensen, 11, 2
Bent Juul Sørensen, 12, 3
Bent Juul Sørensen, 13, 3
Bent Juul Sørensen, 14, 3
Bent Juul Sørensen, 15, 3
Bent Juul Sørensen, 16, 2
Bent Juul Sørensen, 17, 2
Bent Juul Sørensen, 18, 4
Bent Juul Sørensen, 19, 3
Bent Juul Sørensen, 20, 1
Bent Juul Sørensen, 21, 4
Bent Juul Sørensen, 22, 4
Bent Juul Sørensen, 23, 1
Bent Juul Sørensen, 24, 2
Bent Juul Sørensen, 25, 1
Nikolaj Vang, 1, 2
Nikolaj Vang, 2, 3
Nikolaj Vang, 3, 4
Nikolaj Vang, 4, 3
Nikolaj Vang, 5, 2
Nikolaj Vang, 6, 2
Nikolaj Vang, 7, 3
Nikolaj Vang, 8, 2
Nikolaj Vang, 9, 3
Nikolaj Vang, 10, 4
Nikolaj Vang, 11, 1
Nikolaj Vang, 12, 3
Nikolaj Vang, 13, 4
Nikolaj Vang, 14, 2
Nikolaj Vang, 15, 3
Nikolaj Vang, 16, 1
Nikolaj Vang, 17, 2
Nikolaj Vang, 18, 4
Nikolaj Vang, 19, 4
Nikolaj Vang, 20, 1
Nikolaj Vang, 21, 3
Nikolaj Vang, 22, 2
Nikolaj Vang, 23, 1
Nikolaj Vang, 24, 3
Nikolaj Vang, 25, 3
Morten Vehl Revsbeck, 1, 4
Morten Vehl Revsbeck, 2, 3
Morten Vehl Revsbeck, 3, 2
Morten Vehl Revsbeck, 4, 3
Morten Vehl Revsbeck, 5, 4
Morten Vehl Revsbeck, 6, 3
Morten Vehl Revsbeck, 7, 4
Morten Vehl Revsbeck, 8, 3
Morten Vehl Revsbeck, 9, 3
Morten Vehl Revsbeck, 10, 4
Morten Vehl Revsbeck, 11, 2
Morten Vehl Revsbeck, 12, 4
Morten Vehl Revsbeck, 13, 4
Morten Vehl Revsbeck, 14, 3
Morten Vehl Revsbeck, 15, 3
Morten Vehl Revsbeck, 16, 2
Morten Vehl Revsbeck, 17, 1
Morten Vehl Revsbeck, 18, 3
Morten Vehl Revsbeck, 19, 4
Morten Vehl Revsbeck, 20, 1
Morten Vehl Revsbeck, 21, 3
Morten Vehl Revsbeck, 22, 1
Morten Vehl Revsbeck, 23, 1
Morten Vehl Revsbeck, 24, 2
Morten Vehl Revsbeck, 25, 2
Bob Richard Nielsen, 1, 2
Bob Richard Nielsen, 2, 3
Bob Richard Nielsen, 3, 3
Bob Richard Nielsen, 4, 3
Bob Richard Nielsen, 5, 1
Bob Richard Nielsen, 6, 2
Bob Richard Nielsen, 7, 4
Bob Richard Nielsen, 8, 2
Bob Richard Nielsen, 9, 3
Bob Richard Nielsen, 10, 4
Bob Richard Nielsen, 11, 1
Bob Richard Nielsen, 12, 3
Bob Richard Nielsen, 13, 4
Bob Richard Nielsen, 14, 3
Bob Richard Nielsen, 15, 4
Bob Richard Nielsen, 16, 1
Bob Richard Nielsen, 17, 2
Bob Richard Nielsen, 18, 4
Bob Richard Nielsen, 19, 4
Bob Richard Nielsen, 20, 1
Bob Richard Nielsen, 21, 2
Bob Richard Nielsen, 22, 1
Bob Richard Nielsen, 23, 1
Bob Richard Nielsen, 24, 2
Bob Richard Nielsen, 25, 1
Per Clausen, 1, 3
Per Clausen, 2, 2
Per Clausen, 3, 3
Per Clausen, 4, 4
Per Clausen, 5, 3
Per Clausen, 6, 4
Per Clausen, 7, 1
Per Clausen, 8, 4
Per Clausen, 9, 1
Per Clausen, 10, 1
Per Clausen, 11, 1
Per Clausen, 12, 2
Per Clausen, 13, 1
Per Clausen, 14, 1
Per Clausen, 15, 4
Per Clausen, 16, 4
Per Clausen, 17, 4
Per Clausen, 18, 2
Per Clausen, 19, 1
Per Clausen, 20, 4
Per Clausen, 21, 4
Per Clausen, 22, 4
Per Clausen, 23, 4
Per Clausen, 24, 2
Per Clausen, 25, 4
Frederikke Hellemann, 1, 4
Frederikke Hellemann, 2, 2
Frederikke Hellemann, 3, 3
Frederikke Hellemann, 4, 4
Frederikke Hellemann, 5, 4
Frederikke Hellemann, 6, 3
Frederikke Hellemann, 7, 2
Frederikke Hellemann, 8, 4
Frederikke Hellemann, 9, 1
Frederikke Hellemann, 10, 1
Frederikke Hellemann, 11, 2
Frederikke Hellemann, 12, 3
Frederikke Hellemann, 13, 1
Frederikke Hellemann, 14, 2
Frederikke Hellemann, 15, 4
Frederikke Hellemann, 16, 4
Frederikke Hellemann, 17, 4
Frederikke Hellemann, 18, 1
Frederikke Hellemann, 19, 1
Frederikke Hellemann, 20, 4
Frederikke Hellemann, 21, 4
Frederikke Hellemann, 22, 3
Frederikke Hellemann, 23, 3
Frederikke Hellemann, 24, 2
Frederikke Hellemann, 25, 4
Nana Højlund, 1, 3
Nana Højlund, 2, 1
Nana Højlund, 3, 3
Nana Højlund, 4, 4
Nana Højlund, 5, 2
Nana Højlund, 6, 3
Nana Højlund, 7, 3
Nana Højlund, 8, 4
Nana Højlund, 9, 1
Nana Højlund, 10, 1
Nana Højlund, 11, 3
Nana Højlund, 12, 3
Nana Højlund, 13, 1
Nana Højlund, 14, 3
Nana Højlund, 15, 4
Nana Højlund, 16, 4
Nana Højlund, 17, 4
Nana Højlund, 18, 2
Nana Højlund, 19, 1
Nana Højlund, 20, 3
Nana Højlund, 21, 4
Nana Højlund, 22, 4
Nana Højlund, 23, 4
Nana Højlund, 24, 3
Nana Højlund, 25, 4
Ludvig Goldschmidt, 1, 4
Ludvig Goldschmidt, 2, 1
Ludvig Goldschmidt, 3, 3
Ludvig Goldschmidt, 4, 4
Ludvig Goldschmidt, 5, 4
Ludvig Goldschmidt, 6, 4
Ludvig Goldschmidt, 7, 2
Ludvig Goldschmidt, 8, 4
Ludvig Goldschmidt, 9, 1
Ludvig Goldschmidt, 10, 1
Ludvig Goldschmidt, 11, 2
Ludvig Goldschmidt, 12, 3
Ludvig Goldschmidt, 13, 1
Ludvig Goldschmidt, 14, 1
Ludvig Goldschmidt, 15, 4
Ludvig Goldschmidt, 16, 4
Ludvig Goldschmidt, 17, 4
Ludvig Goldschmidt, 18, 1
Ludvig Goldschmidt, 19, 1
Ludvig Goldschmidt, 20, 4
Ludvig Goldschmidt, 21, 4
Ludvig Goldschmidt, 22, 4
Ludvig Goldschmidt, 23, 3
Ludvig Goldschmidt, 24, 2
Ludvig Goldschmidt, 25, 4
Asta Kofod, 1, 3
Asta Kofod, 2, 2
Asta Kofod, 3, 3
Asta Kofod, 4, 3
Asta Kofod, 5, 3
Asta Kofod, 6, 3
Asta Kofod, 7, 2
Asta Kofod, 8, 4
Asta Kofod, 9, 1
Asta Kofod, 10, 1
Asta Kofod, 11, 3
Asta Kofod, 12, 3
Asta Kofod, 13, 1
Asta Kofod, 14, 2
Asta Kofod, 15, 4
Asta Kofod, 16, 4
Asta Kofod, 17, 4
Asta Kofod, 18, 1
Asta Kofod, 19, 1
Asta Kofod, 20, 3
Asta Kofod, 21, 4
Asta Kofod, 22, 4
Asta Kofod, 23, 3
Asta Kofod, 24, 3
Asta Kofod, 25, 4
Reinout Bosch, 1, 3
Reinout Bosch, 2, 1
Reinout Bosch, 3, 4
Reinout Bosch, 4, 4
Reinout Bosch, 5, 1
Reinout Bosch, 6, 4
Reinout Bosch, 7, 1
Reinout Bosch, 8, 4
Reinout Bosch, 9, 1
Reinout Bosch, 10, 1
Reinout Bosch, 11, 1
Reinout Bosch, 12, 1
Reinout Bosch, 13, 1
Reinout Bosch, 14, 2
Reinout Bosch, 15, 3
Reinout Bosch, 16, 4
Reinout Bosch, 17, 4
Reinout Bosch, 18, 1
Reinout Bosch, 19, 1
Reinout Bosch, 20, 4
Reinout Bosch, 21, 4
Reinout Bosch, 22, 3
Reinout Bosch, 23, 4
Reinout Bosch, 24, 1
Reinout Bosch, 25, 4
Torsten Ringgaard, 1, 2
Torsten Ringgaard, 2, 1
Torsten Ringgaard, 3, 4
Torsten Ringgaard, 4, 4
Torsten Ringgaard, 5, 2
Torsten Ringgaard, 6, 4
Torsten Ringgaard, 7, 1
Torsten Ringgaard, 8, 4
Torsten Ringgaard, 9, 1
Torsten Ringgaard, 10, 1
Torsten Ringgaard, 11, 1
Torsten Ringgaard, 12, 2
Torsten Ringgaard, 13, 1
Torsten Ringgaard, 14, 1
Torsten Ringgaard, 15, 4
Torsten Ringgaard, 16, 4
Torsten Ringgaard, 17, 4
Torsten Ringgaard, 18, 1
Torsten Ringgaard, 19, 1
Torsten Ringgaard, 20, 3
Torsten Ringgaard, 21, 4
Torsten Ringgaard, 22, 3
Torsten Ringgaard, 23, 3
Torsten Ringgaard, 24, 2
Torsten Ringgaard, 25, 4
Stine Ry Andersen, 1, 3
Stine Ry Andersen, 2, 1
Stine Ry Andersen, 3, 3
Stine Ry Andersen, 4, 4
Stine Ry Andersen, 5, 4
Stine Ry Andersen, 6, 3
Stine Ry Andersen, 7, 3
Stine Ry Andersen, 8, 4
Stine Ry Andersen, 9, 1
Stine Ry Andersen, 10, 1
Stine Ry Andersen, 11, 3
Stine Ry Andersen, 12, 2
Stine Ry Andersen, 13, 1
Stine Ry Andersen, 14, 1
Stine Ry Andersen, 15, 4
Stine Ry Andersen, 16, 4
Stine Ry Andersen, 17, 4
Stine Ry Andersen, 18, 3
Stine Ry Andersen, 19, 1
Stine Ry Andersen, 20, 4
Stine Ry Andersen, 21, 4
Stine Ry Andersen, 22, 3
Stine Ry Andersen, 23, 3
Stine Ry Andersen, 24, 2
Stine Ry Andersen, 25, 4
Selma Bolø, 1, 3
Selma Bolø, 2, 1
Selma Bolø, 3, 3
Selma Bolø, 4, 3
Selma Bolø, 5, 3
Selma Bolø, 6, 4
Selma Bolø, 7, 1
Selma Bolø, 8, 4
Selma Bolø, 9, 1
Selma Bolø, 10, 1
Selma Bolø, 11, 3
Selma Bolø, 12, 3
Selma Bolø, 13, 1
Selma Bolø, 14, 2
Selma Bolø, 15, 4
Selma Bolø, 16, 4
Selma Bolø, 17, 4
Selma Bolø, 18, 2
Selma Bolø, 19, 1
Selma Bolø, 20, 4
Selma Bolø, 21, 4
Selma Bolø, 22, 3
Selma Bolø, 23, 4
Selma Bolø, 24, 2
Selma Bolø, 25, 4
Victoria Velasquez, 1, 2
Victoria Velasquez, 2, 2
Victoria Velasquez, 3, 3
Victoria Velasquez, 4, 3
Victoria Velasquez, 5, 2
Victoria Velasquez, 6, 3
Victoria Velasquez, 7, 2
Victoria Velasquez, 8, 4
Victoria Velasquez, 9, 2
Victoria Velasquez, 10, 1
Victoria Velasquez, 11, 1
Victoria Velasquez, 12, 1
Victoria Velasquez, 13, 1
Victoria Velasquez, 14, 2
Victoria Velasquez, 15, 3
Victoria Velasquez, 16, 4
Victoria Velasquez, 17, 3
Victoria Velasquez, 18, 2
Victoria Velasquez, 19, 1
Victoria Velasquez, 20, 2
Victoria Velasquez, 21, 4
Victoria Velasquez, 22, 4
Victoria Velasquez, 23, 2
Victoria Velasquez, 24, 2
Victoria Velasquez, 25, 4
Ibrahim Benli, 1, 3
Ibrahim Benli, 2, 1
Ibrahim Benli, 3, 3
Ibrahim Benli, 4, 3
Ibrahim Benli, 5, 3
Ibrahim Benli, 6, 2
Ibrahim Benli, 7, 1
Ibrahim Benli, 8, 4
Ibrahim Benli, 9, 1
Ibrahim Benli, 10, 1
Ibrahim Benli, 11, 3
Ibrahim Benli, 12, 2
Ibrahim Benli, 13, 1
Ibrahim Benli, 14, 1
Ibrahim Benli, 15, 3
Ibrahim Benli, 16, 4
Ibrahim Benli, 17, 4
Ibrahim Benli, 18, 1
Ibrahim Benli, 19, 1
Ibrahim Benli, 20, 4
Ibrahim Benli, 21, 4
Ibrahim Benli, 22, 4
Ibrahim Benli, 23, 4
Ibrahim Benli, 24, 3
Ibrahim Benli, 25, 4
Christian Schmidt Jacobsen, 1, 2
Christian Schmidt Jacobsen, 2, 1
Christian Schmidt Jacobsen, 3, 3
Christian Schmidt Jacobsen, 4, 4
Christian Schmidt Jacobsen, 5, 2
Christian Schmidt Jacobsen, 6, 4
Christian Schmidt Jacobsen, 7, 1
Christian Schmidt Jacobsen, 8, 4
Christian Schmidt Jacobsen, 9, 1
Christian Schmidt Jacobsen, 10, 1
Christian Schmidt Jacobsen, 11, 1
Christian Schmidt Jacobsen, 12, 1
Christian Schmidt Jacobsen, 13, 1
Christian Schmidt Jacobsen, 14, 1
Christian Schmidt Jacobsen, 15, 4
Christian Schmidt Jacobsen, 16, 4
Christian Schmidt Jacobsen, 17, 4
Christian Schmidt Jacobsen, 18, 2
Christian Schmidt Jacobsen, 19, 1
Christian Schmidt Jacobsen, 20, 4
Christian Schmidt Jacobsen, 21, 4
Christian Schmidt Jacobsen, 22, 4
Christian Schmidt Jacobsen, 23, 3
Christian Schmidt Jacobsen, 24, 2
Christian Schmidt Jacobsen, 25, 4
Runa Friis Hansen, 1, 2
Runa Friis Hansen, 2, 2
Runa Friis Hansen, 3, 3
Runa Friis Hansen, 4, 3
Runa Friis Hansen, 5, 2
Runa Friis Hansen, 6, 4
Runa Friis Hansen, 7, 2
Runa Friis Hansen, 8, 4
Runa Friis Hansen, 9, 1
Runa Friis Hansen, 10, 1
Runa Friis Hansen, 11, 2
Runa Friis Hansen, 12, 2
Runa Friis Hansen, 13, 2
Runa Friis Hansen, 14, 3
Runa Friis Hansen, 15, 4
Runa Friis Hansen, 16, 3
Runa Friis Hansen, 17, 4
Runa Friis Hansen, 18, 3
Runa Friis Hansen, 19, 1
Runa Friis Hansen, 20, 3
Runa Friis Hansen, 21, 4
Runa Friis Hansen, 22, 2
Runa Friis Hansen, 23, 1
Runa Friis Hansen, 24, 2
Runa Friis Hansen, 25, 4
Clara Turms, 1, 4
Clara Turms, 2, 1
Clara Turms, 3, 3
Clara Turms, 4, 4
Clara Turms, 5, 4
Clara Turms, 6, 4
Clara Turms, 7, 1
Clara Turms, 8, 4
Clara Turms, 9, 1
Clara Turms, 10, 1
Clara Turms, 11, 3
Clara Turms, 12, 1
Clara Turms, 13, 1
Clara Turms, 14, 2
Clara Turms, 15, 4
Clara Turms, 16, 4
Clara Turms, 17, 4
Clara Turms, 18, 1
Clara Turms, 19, 1
Clara Turms, 20, 4
Clara Turms, 21, 4
Clara Turms, 22, 4
Clara Turms, 23, 4
Clara Turms, 24, 2
Clara Turms, 25, 4
Jan Kristoffersen, 1, 4
Jan Kristoffersen, 2, 1
Jan Kristoffersen, 3, 3
Jan Kristoffersen, 4, 4
Jan Kristoffersen, 5, 4
Jan Kristoffersen, 6, 4
Jan Kristoffersen, 7, 2
Jan Kristoffersen, 8, 4
Jan Kristoffersen, 9, 1
Jan Kristoffersen, 10, 3
Jan Kristoffersen, 11, 4
Jan Kristoffersen, 12, 2
Jan Kristoffersen, 13, 2
Jan Kristoffersen, 14, 1
Jan Kristoffersen, 15, 2
Jan Kristoffersen, 16, 4
Jan Kristoffersen, 17, 4
Jan Kristoffersen, 18, 2
Jan Kristoffersen, 19, 2
Jan Kristoffersen, 20, 3
Jan Kristoffersen, 21, 4
Jan Kristoffersen, 22, 3
Jan Kristoffersen, 23, 3
Jan Kristoffersen, 24, 1
Jan Kristoffersen, 25, 3
Karoline Lindgaard, 1, 4
Karoline Lindgaard, 2, 1
Karoline Lindgaard, 3, 3
Karoline Lindgaard, 4, 4
Karoline Lindgaard, 5, 4
Karoline Lindgaard, 6, 3
Karoline Lindgaard, 7, 2
Karoline Lindgaard, 8, 4
Karoline Lindgaard, 9, 1
Karoline Lindgaard, 10, 1
Karoline Lindgaard, 11, 2
Karoline Lindgaard, 12, 2
Karoline Lindgaard, 13, 1
Karoline Lindgaard, 14, 2
Karoline Lindgaard, 15, 3
Karoline Lindgaard, 16, 4
Karoline Lindgaard, 17, 4
Karoline Lindgaard, 18, 1
Karoline Lindgaard, 19, 1
Karoline Lindgaard, 20, 4
Karoline Lindgaard, 21, 4
Karoline Lindgaard, 22, 4
Karoline Lindgaard, 23, 4
Karoline Lindgaard, 24, 2
Karoline Lindgaard, 25, 4
Petar Socevic, 1, 3
Petar Socevic, 2, 2
Petar Socevic, 3, 3
Petar Socevic, 4, 3
Petar Socevic, 5, 3
Petar Socevic, 6, 3
Petar Socevic, 7, 3
Petar Socevic, 8, 4
Petar Socevic, 9, 1
Petar Socevic, 10, 2
Petar Socevic, 11, 2
Petar Socevic, 12, 2
Petar Socevic, 13, 2
Petar Socevic, 14, 2
Petar Socevic, 15, 3
Petar Socevic, 16, 4
Petar Socevic, 17, 3
Petar Socevic, 18, 1
Petar Socevic, 19, 2
Petar Socevic, 20, 3
Petar Socevic, 21, 4
Petar Socevic, 22, 3
Petar Socevic, 23, 3
Petar Socevic, 24, 2
Petar Socevic, 25, 4
Nilas Bay-Foged, 1, 4
Nilas Bay-Foged, 2, 1
Nilas Bay-Foged, 3, 3
Nilas Bay-Foged, 4, 4
Nilas Bay-Foged, 5, 3
Nilas Bay-Foged, 6, 3
Nilas Bay-Foged, 7, 1
Nilas Bay-Foged, 8, 4
Nilas Bay-Foged, 9, 1
Nilas Bay-Foged, 10, 3
Nilas Bay-Foged, 11, 2
Nilas Bay-Foged, 12, 2
Nilas Bay-Foged, 13, 2
Nilas Bay-Foged, 14, 1
Nilas Bay-Foged, 15, 2
Nilas Bay-Foged, 16, 4
Nilas Bay-Foged, 17, 4
Nilas Bay-Foged, 18, 2
Nilas Bay-Foged, 19, 2
Nilas Bay-Foged, 20, 4
Nilas Bay-Foged, 21, 4
Nilas Bay-Foged, 22, 4
Nilas Bay-Foged, 23, 4
Nilas Bay-Foged, 24, 2
Nilas Bay-Foged, 25, 3
Sofie Groth, 1, 4
Sofie Groth, 2, 1
Sofie Groth, 3, 3
Sofie Groth, 4, 3
Sofie Groth, 5, 4
Sofie Groth, 6, 3
Sofie Groth, 7, 3
Sofie Groth, 8, 4
Sofie Groth, 9, 1
Sofie Groth, 10, 2
Sofie Groth, 11, 2
Sofie Groth, 12, 2
Sofie Groth, 13, 2
Sofie Groth, 14, 2
Sofie Groth, 15, 3
Sofie Groth, 16, 4
Sofie Groth, 17, 4
Sofie Groth, 18, 2
Sofie Groth, 19, 2
Sofie Groth, 20, 3
Sofie Groth, 21, 4
Sofie Groth, 22, 3
Sofie Groth, 23, 3
Sofie Groth, 24, 2
Sofie Groth, 25, 4
Jørn Grønkjær, 1, 4
Jørn Grønkjær, 2, 1
Jørn Grønkjær, 3, 4
Jørn Grønkjær, 4, 4
Jørn Grønkjær, 5, 4
Jørn Grønkjær, 6, 3
Jørn Grønkjær, 7, 3
Jørn Grønkjær, 8, 4
Jørn Grønkjær, 9, 1
Jørn Grønkjær, 10, 3
Jørn Grønkjær, 11, 4
Jørn Grønkjær, 12, 2
Jørn Grønkjær, 13, 4
Jørn Grønkjær, 14, 1
Jørn Grønkjær, 15, 1
Jørn Grønkjær, 16, 4
Jørn Grønkjær, 17, 3
Jørn Grønkjær, 18, 3
Jørn Grønkjær, 19, 3
Jørn Grønkjær, 20, 4
Jørn Grønkjær, 21, 4
Jørn Grønkjær, 22, 3
Jørn Grønkjær, 23, 4
Jørn Grønkjær, 24, 2
Jørn Grønkjær, 25, 4
Valentina Crast, 1, 4
Valentina Crast, 2, 1
Valentina Crast, 3, 3
Valentina Crast, 4, 4
Valentina Crast, 5, 4
Valentina Crast, 6, 3
Valentina Crast, 7, 2
Valentina Crast, 8, 4
Valentina Crast, 9, 1
Valentina Crast, 10, 1
Valentina Crast, 11, 2
Valentina Crast, 12, 2
Valentina Crast, 13, 2
Valentina Crast, 14, 1
Valentina Crast, 15, 1
Valentina Crast, 16, 4
Valentina Crast, 17, 4
Valentina Crast, 18, 1
Valentina Crast, 19, 1
Valentina Crast, 20, 4
Valentina Crast, 21, 4
Valentina Crast, 22, 4
Valentina Crast, 23, 4
Valentina Crast, 24, 2
Valentina Crast, 25, 4
Julius Schubring, 1, 4
Julius Schubring, 2, 1
Julius Schubring, 3, 3
Julius Schubring, 4, 4
Julius Schubring, 5, 3
Julius Schubring, 6, 2
Julius Schubring, 7, 2
Julius Schubring, 8, 3
Julius Schubring, 9, 1
Julius Schubring, 10, 1
Julius Schubring, 11, 3
Julius Schubring, 12, 3
Julius Schubring, 13, 2
Julius Schubring, 14, 1
Julius Schubring, 15, 2
Julius Schubring, 16, 4
Julius Schubring, 17, 4
Julius Schubring, 18, 1
Julius Schubring, 19, 1
Julius Schubring, 20, 4
Julius Schubring, 21, 4
Julius Schubring, 22, 4
Julius Schubring, 23, 4
Julius Schubring, 24, 2
Julius Schubring, 25, 4
Johannes Slyngborg, 1, 4
Johannes Slyngborg, 2, 1
Johannes Slyngborg, 3, 3
Johannes Slyngborg, 4, 4
Johannes Slyngborg, 5, 4
Johannes Slyngborg, 6, 4
Johannes Slyngborg, 7, 3
Johannes Slyngborg, 8, 4
Johannes Slyngborg, 9, 1
Johannes Slyngborg, 10, 1
Johannes Slyngborg, 11, 3
Johannes Slyngborg, 12, 1
Johannes Slyngborg, 13, 1
Johannes Slyngborg, 14, 1
Johannes Slyngborg, 15, 3
Johannes Slyngborg, 16, 4
Johannes Slyngborg, 17, 4
Johannes Slyngborg, 18, 1
Johannes Slyngborg, 19, 1
Johannes Slyngborg, 20, 4
Johannes Slyngborg, 21, 4
Johannes Slyngborg, 22, 4
Johannes Slyngborg, 23, 4
Johannes Slyngborg, 24, 1
Johannes Slyngborg, 25, 4
Yurdal Cicek, 1, 4
Yurdal Cicek, 2, 1
Yurdal Cicek, 3, 4
Yurdal Cicek, 4, 3
Yurdal Cicek, 5, 4
Yurdal Cicek, 6, 2
Yurdal Cicek, 7, 3
Yurdal Cicek, 8, 4
Yurdal Cicek, 9, 1
Yurdal Cicek, 10, 1
Yurdal Cicek, 11, 2
Yurdal Cicek, 12, 1
Yurdal Cicek, 13, 1
Yurdal Cicek, 14, 2
Yurdal Cicek, 15, 2
Yurdal Cicek, 16, 3
Yurdal Cicek, 17, 4
Yurdal Cicek, 18, 1
Yurdal Cicek, 19, 3
Yurdal Cicek, 20, 3
Yurdal Cicek, 21, 4
Yurdal Cicek, 22, 3
Yurdal Cicek, 23, 4
Yurdal Cicek, 24, 1
Yurdal Cicek, 25, 4
Anette Jensen Smith, 1, 4
Anette Jensen Smith, 2, 1
Anette Jensen Smith, 3, 3
Anette Jensen Smith, 4, 4
Anette Jensen Smith, 5, 3
Anette Jensen Smith, 6, 3
Anette Jensen Smith, 7, 2
Anette Jensen Smith, 8, 4
Anette Jensen Smith, 9, 1
Anette Jensen Smith, 10, 1
Anette Jensen Smith, 11, 3
Anette Jensen Smith, 12, 3
Anette Jensen Smith, 13, 1
Anette Jensen Smith, 14, 1
Anette Jensen Smith, 15, 2
Anette Jensen Smith, 16, 4
Anette Jensen Smith, 17, 4
Anette Jensen Smith, 18, 1
Anette Jensen Smith, 19, 1
Anette Jensen Smith, 20, 3
Anette Jensen Smith, 21, 4
Anette Jensen Smith, 22, 3
Anette Jensen Smith, 23, 3
Anette Jensen Smith, 24, 2
Anette Jensen Smith, 25, 4
Mikael Hertig, 1, 4
Mikael Hertig, 2, 1
Mikael Hertig, 3, 3
Mikael Hertig, 4, 4
Mikael Hertig, 5, 4
Mikael Hertig, 6, 2
Mikael Hertig, 7, 2
Mikael Hertig, 8, 4
Mikael Hertig, 9, 1
Mikael Hertig, 10, 1
Mikael Hertig, 11, 3
Mikael Hertig, 12, 3
Mikael Hertig, 13, 2
Mikael Hertig, 14, 2
Mikael Hertig, 15, 2
Mikael Hertig, 16, 3
Mikael Hertig, 17, 3
Mikael Hertig, 18, 3
Mikael Hertig, 19, 1
Mikael Hertig, 20, 3
Mikael Hertig, 21, 2
Mikael Hertig, 22, 2
Mikael Hertig, 23, 3
Mikael Hertig, 24, 2
Mikael Hertig, 25, 3
Irina Bjørnø, 2, 2
Irina Bjørnø, 3, 2
Irina Bjørnø, 4, 4
Irina Bjørnø, 5, 2
Irina Bjørnø, 6, 3
Irina Bjørnø, 7, 3
Irina Bjørnø, 8, 3
Irina Bjørnø, 9, 3
Irina Bjørnø, 10, 3
Irina Bjørnø, 11, 2
Irina Bjørnø, 12, 2
Irina Bjørnø, 13, 2
Irina Bjørnø, 14, 2
Irina Bjørnø, 15, 2
Irina Bjørnø, 16, 2
Irina Bjørnø, 17, 3
Irina Bjørnø, 18, 2
Irina Bjørnø, 19, 3
Irina Bjørnø, 20, 3
Irina Bjørnø, 21, 2
Irina Bjørnø, 22, 4
Irina Bjørnø, 23, 2
Irina Bjørnø, 24, 2
